id_osm,nombre,lat,lon,categoria_osm,addr_distrito,n_competidores_500m,dist_competidor_cercano_m,densidad_comp_km2,n_bancos_500m,n_colegios_500m,n_paraderos_500m,n_total_poi_500m,label_idoneidad,fecha_extraccion,radio_buffer_m
neg_0428,Punto negativo 0428,-12.161708,-77.00193,negativo_generado,,0,9999.0,0.0,0,0,0,0,0,2026-05-27,500
neg_0319,Punto negativo 0319,-11.984044,-77.068941,negativo_generado,,11,22.3,14.01,0,17,7,24,0,2026-05-26,500
11991138940,MERCADO MODELO SAN MIGUEL,-12.0862222,-77.0905,supermarket,,1,252.2,1.27,0,12,0,12,1,2026-05-26,500
401836923,Plaza Vea,-12.1272269,-77.0011643,supermarket,Santiago de Surco,9,83.1,11.46,7,10,16,33,1,2026-05-26,500
neg_0095,Punto negativo 0095,-12.057288,-77.086892,negativo_generado,,0,9999.0,0.0,0,0,5,5,0,2026-05-26,500
neg_0528,Punto negativo 0528,-12.027003,-77.105833,negativo_generado,,2,457.5,2.55,16,0,3,19,0,2026-05-27,500
neg_0290,Punto negativo 0290,-12.084634,-77.070864,negativo_generado,,7,75.1,8.91,0,11,8,19,0,2026-05-26,500
565493831,Tottus,-12.1475314,-76.9807689,supermarket,,2,263.0,2.55,1,10,9,20,1,2026-05-26,500
neg_0272,Punto negativo 0272,-12.150483,-77.007055,negativo_generado,,0,9999.0,0.0,1,8,0,9,0,2026-05-26,500
neg_0537,Punto negativo 0537,-12.019583,-76.989219,negativo_generado,,0,9999.0,0.0,1,8,0,9,0,2026-05-27,500
neg_0295,Punto negativo 0295,-12.0948,-77.065319,negativo_generado,,9,242.8,11.46,4,9,4,17,0,2026-05-26,500
neg_0042,Punto negativo 0042,-12.160982,-77.007492,negativo_generado,,1,267.7,1.27,0,0,0,0,0,2026-05-26,500
neg_0337,Punto negativo 0337,-12.105991,-77.030562,negativo_generado,,4,172.8,5.09,4,9,13,26,0,2026-05-27,500
neg_0080,Punto negativo 0080,-12.125376,-77.018655,negativo_generado,,4,239.3,5.09,6,7,0,13,0,2026-05-26,500
neg_0459,Punto negativo 0459,-11.991529,-77.061433,negativo_generado,,8,181.3,10.19,28,9,16,53,0,2026-05-27,500
366385410,Metro,-12.0109773,-77.0904352,supermarket,San Martín de Porres,0,9999.0,0.0,0,14,5,19,1,2026-05-26,500
neg_0171,Punto negativo 0171,-12.048982,-77.113757,negativo_generado,,3,270.1,3.82,10,1,4,15,0,2026-05-26,500
neg_0180,Punto negativo 0180,-12.056363,-77.10753,negativo_generado,,3,216.7,3.82,0,6,0,6,0,2026-05-26,500
neg_0026,Punto negativo 0026,-12.057935,-77.121132,negativo_generado,,0,9999.0,0.0,1,4,0,5,0,2026-05-26,500
neg_0046,Punto negativo 0046,-12.019333,-76.977016,negativo_generado,,0,9999.0,0.0,0,4,0,4,0,2026-05-26,500
neg_0108,Punto negativo 0108,-12.117738,-77.0397,negativo_generado,,6,272.4,7.64,2,9,6,17,0,2026-05-26,500
neg_0348,Punto negativo 0348,-12.0829,-77.084623,negativo_generado,,2,236.1,2.55,1,11,0,12,0,2026-05-27,500
neg_0500,Punto negativo 0500,-12.08256,-77.007313,negativo_generado,,4,118.5,5.09,2,12,6,20,0,2026-05-27,500
neg_0341,Punto negativo 0341,-12.080546,-77.060237,negativo_generado,,3,445.3,3.82,2,20,16,38,0,2026-05-27,500
neg_0563,Punto negativo 0563,-12.114253,-77.01972,negativo_generado,,6,150.6,7.64,3,8,8,19,0,2026-05-27,500
12771168559,Tienda Mass,-12.1061806,-77.0228008,supermarket,,9,121.8,11.46,0,5,3,8,1,2026-05-26,500
neg_0521,Punto negativo 0521,-12.092959,-77.038742,negativo_generado,,4,250.3,5.09,3,4,11,18,0,2026-05-27,500
neg_0155,Punto negativo 0155,-12.036566,-77.094904,negativo_generado,,20,261.6,25.46,0,18,4,22,0,2026-05-26,500
neg_0571,Punto negativo 0571,-12.059232,-77.121802,negativo_generado,,1,399.5,1.27,0,5,0,5,0,2026-05-27,500
neg_0147,Punto negativo 0147,-12.120825,-77.038789,negativo_generado,,5,54.7,6.37,2,8,5,15,0,2026-05-26,500
neg_0011,Punto negativo 0011,-12.026091,-77.097842,negativo_generado,,2,181.6,2.55,1,3,0,4,0,2026-05-26,500
neg_0236,Punto negativo 0236,-12.171896,-76.963999,negativo_generado,,0,9999.0,0.0,0,14,1,15,0,2026-05-26,500
neg_0346,Punto negativo 0346,-12.026705,-76.97842,negativo_generado,,0,9999.0,0.0,0,4,0,4,0,2026-05-27,500
neg_0007,Punto negativo 0007,-11.99172,-77.057238,negativo_generado,,4,278.0,5.09,9,10,11,30,0,2026-05-26,500
12764578744,Mass,-12.0519761,-77.0434889,supermarket,,5,191.1,6.37,3,32,3,38,1,2026-05-26,500
neg_0243,Punto negativo 0243,-12.101472,-77.045141,negativo_generado,,0,9999.0,0.0,1,2,1,4,0,2026-05-26,500
neg_0372,Punto negativo 0372,-12.126196,-77.036638,negativo_generado,,6,313.0,7.64,0,2,2,4,0,2026-05-27,500
6725584581,MaxiAhorro México,-12.0664692,-77.0054376,supermarket,La Victoria,3,233.5,3.82,1,9,1,11,1,2026-05-26,500
neg_0005,Punto negativo 0005,-12.096849,-77.075568,negativo_generado,,15,264.6,19.1,1,5,3,9,0,2026-05-26,500
neg_0407,Punto negativo 0407,-12.058507,-77.117845,negativo_generado,,2,194.4,2.55,1,4,3,8,0,2026-05-27,500
4301188225,Metro,-12.0404046,-77.0292348,supermarket,Rímac,1,376.3,1.27,1,13,15,29,1,2026-05-26,500
4688795889,Ravichagua,-11.9426706,-76.7117121,supermarket,,12,119.8,15.28,0,7,0,7,1,2026-05-26,500
neg_0549,Punto negativo 0549,-12.118878,-77.02919,negativo_generado,,26,94.6,33.1,28,11,22,61,0,2026-05-27,500
neg_0043,Punto negativo 0043,-12.097269,-77.034168,negativo_generado,,4,242.2,5.09,9,9,17,35,0,2026-05-26,500
563079251,Tottus,-12.0567731,-76.9708533,supermarket,,0,9999.0,0.0,7,0,6,13,1,2026-05-26,500
4077142609,Mercado Huamantaga,-11.8635398,-77.0748957,supermarket,,9,216.8,11.46,6,21,5,32,1,2026-05-26,500
neg_0075,Punto negativo 0075,-12.118169,-77.052061,negativo_generado,,0,9999.0,0.0,0,0,0,0,0,2026-05-26,500
neg_0559,Punto negativo 0559,-12.153035,-77.007037,negativo_generado,,0,9999.0,0.0,1,1,0,2,0,2026-05-27,500
neg_0321,Punto negativo 0321,-12.125807,-77.019211,negativo_generado,,4,311.2,5.09,6,7,1,14,0,2026-05-26,500
neg_0472,Punto negativo 0472,-12.150865,-77.008665,negativo_generado,,0,9999.0,0.0,0,5,0,5,0,2026-05-27,500
neg_0351,Punto negativo 0351,-12.175019,-76.968773,negativo_generado,,1,169.7,1.27,0,13,0,13,0,2026-05-27,500
neg_0021,Punto negativo 0021,-12.120826,-77.02608,negativo_generado,,23,77.4,29.28,19,7,15,41,0,2026-05-26,500
neg_0065,Punto negativo 0065,-12.067062,-77.088722,negativo_generado,,0,9999.0,0.0,0,3,0,3,0,2026-05-26,500
neg_0214,Punto negativo 0214,-12.06327,-77.108381,negativo_generado,,2,42.4,2.55,0,4,0,4,0,2026-05-26,500
neg_0517,Punto negativo 0517,-12.079143,-77.066355,negativo_generado,,7,160.1,8.91,4,12,5,21,0,2026-05-27,500
neg_0157,Punto negativo 0157,-12.051574,-77.089348,negativo_generado,,0,9999.0,0.0,4,0,6,10,0,2026-05-26,500
neg_0284,Punto negativo 0284,-11.985991,-77.061651,negativo_generado,,4,271.8,5.09,8,13,11,32,0,2026-05-26,500
271236477,Wong Marsano,-12.1428313,-76.9901299,supermarket,,8,388.5,10.19,1,5,5,11,1,2026-05-26,500
437649833,Metro Express,-12.1247283,-77.0264849,supermarket,Miraflores,24,73.6,30.56,18,9,18,45,1,2026-05-26,500
4022683740,Plaza Vea,-12.089914,-77.004267,supermarket,,3,142.7,3.82,11,3,15,29,1,2026-05-26,500
465561832,Plaza Vea,-11.8638348,-77.0729264,supermarket,,3,216.8,3.82,6,13,7,26,1,2026-05-26,500
neg_0435,Punto negativo 0435,-12.178385,-76.962702,negativo_generado,,1,440.4,1.27,1,10,1,12,0,2026-05-27,500
neg_0109,Punto negativo 0109,-12.111304,-77.039352,negativo_generado,,4,238.2,5.09,3,7,0,10,0,2026-05-26,500
4632492368,Vivanco,-11.8843897,-77.1266931,supermarket,,1,290.2,1.27,0,4,8,12,1,2026-05-26,500
239945458,Plaza Vea,-12.010623,-77.0800494,supermarket,,0,9999.0,0.0,1,16,7,24,1,2026-05-26,500
neg_0499,Punto negativo 0499,-12.031311,-77.096835,negativo_generado,,1,524.3,1.27,1,5,2,8,0,2026-05-27,500
neg_0227,Punto negativo 0227,-11.994762,-77.052315,negativo_generado,,4,354.1,5.09,0,21,5,26,0,2026-05-26,500
neg_0331,Punto negativo 0331,-12.086285,-77.062277,negativo_generado,,8,172.1,10.19,2,6,10,18,0,2026-05-27,500
neg_0387,Punto negativo 0387,-11.984026,-77.057877,negativo_generado,,1,192.8,1.27,0,23,21,44,0,2026-05-27,500
neg_0569,Punto negativo 0569,-12.028958,-77.104658,negativo_generado,,0,9999.0,0.0,5,0,2,7,0,2026-05-27,500
neg_0384,Punto negativo 0384,-12.136104,-77.017942,negativo_generado,,5,309.6,6.37,1,5,6,12,0,2026-05-27,500
11294367069,Freshmart,-12.1301367,-77.0243716,supermarket,,3,233.8,3.82,2,6,12,20,1,2026-05-26,500
6238862185,Plaza Vea entrada 1 Valle Hermoso,-12.127196,-76.975298,supermarket,,4,24.2,5.09,1,6,1,8,1,2026-05-26,500
neg_0009,Punto negativo 0009,-12.150837,-77.01606,negativo_generado,,4,431.0,5.09,2,13,2,17,0,2026-05-26,500
12856685508,Mass,-12.1247397,-77.0318185,supermarket,,25,41.1,31.83,23,9,18,50,1,2026-05-26,500
neg_0419,Punto negativo 0419,-12.063905,-77.116953,negativo_generado,,0,9999.0,0.0,2,4,2,8,0,2026-05-27,500
neg_0188,Punto negativo 0188,-12.083969,-77.0669,negativo_generado,,7,67.7,8.91,0,8,5,13,0,2026-05-26,500
neg_0210,Punto negativo 0210,-12.06694,-77.114154,negativo_generado,,0,9999.0,0.0,0,4,3,7,0,2026-05-26,500
neg_0383,Punto negativo 0383,-12.099196,-77.027941,negativo_generado,,5,259.3,6.37,12,8,15,35,0,2026-05-27,500
4551243800,Los 3 Chanchitos,-12.0839764,-76.9286193,supermarket,,1,150.6,1.27,6,3,10,19,1,2026-05-26,500
neg_0538,Punto negativo 0538,-12.05551,-77.126187,negativo_generado,,2,372.3,2.55,1,9,2,12,0,2026-05-27,500
406050169,Metro,-12.123128,-77.0298671,supermarket,Miraflores,34,128.6,43.29,25,10,22,57,1,2026-05-26,500
neg_0400,Punto negativo 0400,-11.986998,-77.052616,negativo_generado,,1,399.2,1.27,0,9,1,10,0,2026-05-27,500
4615219189,Sin nombre,-12.132437,-77.02075,supermarket,,4,361.3,5.09,3,4,11,18,1,2026-05-26,500
neg_0464,Punto negativo 0464,-12.099826,-77.031029,negativo_generado,,4,280.7,5.09,6,11,18,35,0,2026-05-27,500
neg_0488,Punto negativo 0488,-12.094529,-77.066475,negativo_generado,,14,151.0,17.83,5,10,7,22,0,2026-05-27,500
5648521804,TAMBO,-11.9717648,-77.0716714,supermarket,,6,181.9,7.64,0,17,1,18,1,2026-05-26,500
435879638,Centro Comercial Maranga,-12.0661544,-77.0970433,supermarket,,2,157.9,2.55,3,12,3,18,1,2026-05-26,500
405584318,Tottus,-11.9652053,-77.0666445,supermarket,,1,483.2,1.27,2,6,7,15,1,2026-05-26,500
436313773,Plaza Vea,-12.0321375,-76.9256833,supermarket,Ate,1,349.2,1.27,5,10,8,23,1,2026-05-26,500
neg_0001,Punto negativo 0001,-12.093073,-77.035915,negativo_generado,,8,190.1,10.19,6,8,32,46,0,2026-05-26,500
neg_0269,Punto negativo 0269,-12.015633,-76.980928,negativo_generado,,0,9999.0,0.0,0,9,0,9,0,2026-05-26,500
neg_0053,Punto negativo 0053,-12.179988,-76.959647,negativo_generado,,1,403.2,1.27,1,6,1,8,0,2026-05-26,500
neg_0423,Punto negativo 0423,-12.159294,-77.013865,negativo_generado,,2,372.1,2.55,0,1,0,1,0,2026-05-27,500
neg_0391,Punto negativo 0391,-12.076965,-77.093055,negativo_generado,,1,450.4,1.27,6,7,5,18,0,2026-05-27,500
4346447001,Kaita,-12.0898824,-77.0350312,supermarket,,7,18.0,8.91,10,14,28,52,1,2026-05-26,500
neg_0237,Punto negativo 0237,-12.090147,-77.077936,negativo_generado,,18,173.0,22.92,1,18,1,20,0,2026-05-26,500
neg_0455,Punto negativo 0455,-12.073771,-77.080216,negativo_generado,,4,197.7,5.09,12,7,14,33,0,2026-05-27,500
neg_0283,Punto negativo 0283,-11.995238,-77.067871,negativo_generado,,2,84.3,2.55,4,23,6,33,0,2026-05-26,500
neg_0371,Punto negativo 0371,-12.079426,-77.054371,negativo_generado,,9,140.2,11.46,7,20,11,38,0,2026-05-27,500
neg_0380,Punto negativo 0380,-12.055719,-77.124021,negativo_generado,,2,305.0,2.55,1,7,2,10,0,2026-05-27,500
neg_0568,Punto negativo 0568,-12.015307,-76.978544,negativo_generado,,0,9999.0,0.0,0,2,0,2,0,2026-05-27,500
neg_0353,Punto negativo 0353,-12.189102,-76.975144,negativo_generado,,5,301.3,6.37,1,9,4,14,0,2026-05-27,500
neg_0480,Punto negativo 0480,-12.154888,-77.013676,negativo_generado,,4,160.9,5.09,0,3,0,3,0,2026-05-27,500
4112330383,Tottus,-12.0600917,-77.1415842,supermarket,Callao,5,257.3,6.37,10,6,1,17,1,2026-05-26,500
4077576803,Plaza Vea,-11.9396555,-77.0698289,supermarket,,0,9999.0,0.0,10,8,5,23,1,2026-05-26,500
neg_0264,Punto negativo 0264,-12.155289,-77.012657,negativo_generado,,4,277.4,5.09,0,1,0,1,0,2026-05-26,500
neg_0320,Punto negativo 0320,-12.095186,-77.077399,negativo_generado,,14,318.0,17.83,1,10,2,13,0,2026-05-26,500
neg_0196,Punto negativo 0196,-12.057459,-77.092451,negativo_generado,,0,9999.0,0.0,0,4,0,4,0,2026-05-26,500
neg_0333,Punto negativo 0333,-12.067909,-77.094716,negativo_generado,,2,319.5,2.55,0,9,2,11,0,2026-05-27,500
5332225339,Don Lucho,-12.0681939,-77.1189516,supermarket,,1,175.0,1.27,2,5,2,9,1,2026-05-26,500
438933889,Multimarket San Fernando,-12.1209683,-76.9879739,supermarket,,2,21.1,2.55,0,6,0,6,1,2026-05-26,500
neg_0194,Punto negativo 0194,-11.992522,-77.052892,negativo_generado,,2,144.3,2.55,0,20,4,24,0,2026-05-26,500
1343896768,Mass,-12.0405503,-77.0939652,supermarket,,38,14.0,48.38,1,17,2,20,1,2026-05-26,500
10250099984,Plaza Vea,-12.077302,-77.0838409,supermarket,,3,260.0,3.82,15,5,17,37,1,2026-05-26,500
4872622409,Metro,-12.0842702,-77.0138444,supermarket,,2,316.4,2.55,5,6,4,15,1,2026-05-26,500
5577522631,Tottus,-12.1121831,-77.0112782,supermarket,Surquillo,3,185.9,3.82,5,11,8,24,1,2026-05-26,500
neg_0550,Punto negativo 0550,-12.014623,-76.978889,negativo_generado,,0,9999.0,0.0,0,2,0,2,0,2026-05-27,500
neg_0259,Punto negativo 0259,-12.109376,-77.048911,negativo_generado,,4,208.0,5.09,1,3,2,6,0,2026-05-26,500
6097026911,Wong,-12.1314014,-77.0313593,supermarket,Miraflores,5,198.6,6.37,6,0,10,16,1,2026-05-26,500
neg_0258,Punto negativo 0258,-12.113893,-77.032838,negativo_generado,,12,204.9,15.28,2,10,13,25,0,2026-05-26,500
neg_0072,Punto negativo 0072,-12.093965,-77.034909,negativo_generado,,9,53.9,11.46,8,8,36,52,0,2026-05-26,500
neg_0216,Punto negativo 0216,-12.068461,-76.999036,negativo_generado,,0,9999.0,0.0,2,6,1,9,0,2026-05-26,500
neg_0231,Punto negativo 0231,-12.034517,-77.098669,negativo_generado,,0,9999.0,0.0,0,6,4,10,0,2026-05-26,500
neg_0168,Punto negativo 0168,-12.18708,-76.9734,negativo_generado,,2,348.0,2.55,0,5,8,13,0,2026-05-26,500
neg_0098,Punto negativo 0098,-12.072364,-77.006082,negativo_generado,,2,372.5,2.55,1,17,0,18,0,2026-05-26,500
neg_0092,Punto negativo 0092,-12.098891,-77.03512,negativo_generado,,4,274.3,5.09,5,7,13,25,0,2026-05-26,500
neg_0413,Punto negativo 0413,-12.095549,-77.042189,negativo_generado,,1,386.5,1.27,1,2,10,13,0,2026-05-27,500
neg_0017,Punto negativo 0017,-12.132373,-77.027771,negativo_generado,,4,112.3,5.09,3,1,15,19,0,2026-05-26,500
neg_0061,Punto negativo 0061,-12.01748,-76.976219,negativo_generado,,0,9999.0,0.0,0,2,0,2,0,2026-05-26,500
1800680808,Tottus Atocongo,-12.1475791,-76.9807458,supermarket,,2,257.6,2.55,1,10,9,20,1,2026-05-26,500
4367350589,HP Carnes,-12.0665131,-76.9593179,supermarket,,4,203.5,5.09,7,4,3,14,1,2026-05-26,500
neg_0139,Punto negativo 0139,-12.070735,-77.087717,negativo_generado,,0,9999.0,0.0,1,2,0,3,0,2026-05-26,500
neg_0006,Punto negativo 0006,-11.988687,-77.052856,negativo_generado,,3,212.0,3.82,0,14,2,16,0,2026-05-26,500
938159265,Tienda Mass,-12.1655532,-76.9840216,supermarket,,1,418.0,1.27,0,6,3,9,1,2026-05-26,500
6725585409,MaxiAhorro Gran Caquetá,-12.0307442,-77.0499572,supermarket,,0,9999.0,0.0,0,15,4,19,1,2026-05-26,500
neg_0402,Punto negativo 0402,-12.025942,-77.100497,negativo_generado,,3,107.9,3.82,11,2,1,14,0,2026-05-27,500
neg_0536,Punto negativo 0536,-12.160828,-77.006517,negativo_generado,,1,356.7,1.27,0,0,0,0,0,2026-05-27,500
neg_0159,Punto negativo 0159,-12.124347,-77.023457,negativo_generado,,16,61.4,20.37,6,7,6,19,0,2026-05-26,500
neg_0565,Punto negativo 0565,-12.074203,-76.995118,negativo_generado,,0,9999.0,0.0,2,16,1,19,0,2026-05-27,500
neg_0222,Punto negativo 0222,-12.0917,-77.073271,negativo_generado,,32,76.5,40.74,12,14,5,31,0,2026-05-26,500
6185047390,Mara Biomarket & Cafe,-12.1224729,-77.0269331,supermarket,,25,33.8,31.83,22,8,21,51,1,2026-05-26,500
2099768078,Plaza Vea,-12.0916358,-76.9502115,supermarket,,3,116.2,3.82,4,1,6,11,1,2026-05-26,500
neg_0367,Punto negativo 0367,-12.071969,-77.012393,negativo_generado,,4,319.3,5.09,2,13,3,18,0,2026-05-27,500
neg_0047,Punto negativo 0047,-12.019733,-76.973807,negativo_generado,,1,471.9,1.27,0,5,1,6,0,2026-05-26,500
neg_0386,Punto negativo 0386,-12.172376,-76.976908,negativo_generado,,3,393.3,3.82,0,6,4,10,0,2026-05-27,500
11975773669,negociaciones cartamagico,-12.1578729,-77.0233101,supermarket,,1,357.7,1.27,1,6,3,10,1,2026-05-26,500
460117535,Plaza Vea,-12.0336444,-76.997895,supermarket,,6,184.7,7.64,0,12,10,22,1,2026-05-26,500
439791916,Metro Chaclacayo,-11.9744933,-76.7678506,supermarket,Chaclacayo,3,250.4,3.82,1,5,0,6,1,2026-05-26,500
4044617058,Plaza Vea,-12.0157497,-76.8861462,supermarket,,0,9999.0,0.0,0,11,0,11,1,2026-05-26,500
405572382,Wong,-12.130167,-76.9824484,supermarket,Santiago de Surco,2,86.4,2.55,4,5,7,16,1,2026-05-26,500
neg_0096,Punto negativo 0096,-12.034527,-77.091358,negativo_generado,,2,341.7,2.55,0,17,0,17,0,2026-05-26,500
408909647,Plaza Vea,-12.1872313,-77.0082107,supermarket,,3,34.2,3.82,2,10,8,20,1,2026-05-26,500
neg_0508,Punto negativo 0508,-12.080194,-77.058234,negativo_generado,,1,288.5,1.27,0,21,13,34,0,2026-05-27,500
5965707925,Corporación Vega,-11.9240459,-77.0406999,supermarket,Comas,0,9999.0,0.0,0,15,6,21,1,2026-05-26,500
neg_0429,Punto negativo 0429,-12.127355,-77.033168,negativo_generado,,15,93.1,19.1,8,4,13,25,0,2026-05-27,500
neg_0057,Punto negativo 0057,-12.049548,-77.125733,negativo_generado,,1,427.8,1.27,0,2,2,4,0,2026-05-26,500
neg_0254,Punto negativo 0254,-12.02833,-77.10225,negativo_generado,,1,390.9,1.27,6,0,1,7,0,2026-05-26,500
neg_0029,Punto negativo 0029,-12.115402,-77.0426,negativo_generado,,7,167.2,8.91,0,7,6,13,0,2026-05-26,500
neg_0468,Punto negativo 0468,-12.073805,-77.001923,negativo_generado,,1,396.2,1.27,2,11,0,13,0,2026-05-27,500
401846099,Wong,-12.1118158,-76.9921341,supermarket,,1,483.7,1.27,9,6,6,21,1,2026-05-26,500
439241362,Metro,-12.0116339,-77.0518671,supermarket,,6,103.6,7.64,3,9,4,16,1,2026-05-26,500
neg_0233,Punto negativo 0233,-12.029094,-77.091062,negativo_generado,,1,336.1,1.27,1,17,0,18,0,2026-05-26,500
neg_0449,Punto negativo 0449,-12.05907,-77.118612,negativo_generado,,1,298.1,1.27,1,4,2,7,0,2026-05-27,500
neg_0126,Punto negativo 0126,-12.129895,-77.029581,negativo_generado,,9,171.5,11.46,7,2,17,26,0,2026-05-26,500
neg_0404,Punto negativo 0404,-12.071672,-77.001217,negativo_generado,,0,9999.0,0.0,3,6,0,9,0,2026-05-27,500
neg_0205,Punto negativo 0205,-12.113198,-77.055008,negativo_generado,,0,9999.0,0.0,0,0,0,0,0,2026-05-26,500
neg_0325,Punto negativo 0325,-12.156784,-77.005525,negativo_generado,,0,9999.0,0.0,0,0,0,0,0,2026-05-26,500
436748491,Organica Peru Market,-12.1171093,-77.0265621,supermarket,Miraflores,9,187.4,11.46,17,16,24,57,1,2026-05-26,500
neg_0048,Punto negativo 0048,-11.989022,-77.057455,negativo_generado,,4,29.7,5.09,2,12,6,20,0,2026-05-26,500
408914432,Metro,-12.0492902,-77.0796233,supermarket,Lima,2,320.7,2.55,0,5,6,11,1,2026-05-26,500
neg_0507,Punto negativo 0507,-12.099953,-77.042219,negativo_generado,,0,9999.0,0.0,1,1,1,3,0,2026-05-27,500
1846396642,Mercado Minorista Santa Rosa,-12.0180536,-77.1011445,supermarket,Ciudad Satélite Santa Rosa,4,375.3,5.09,1,2,6,9,1,2026-05-26,500
332748280,Market Capon,-12.1188135,-77.0318186,supermarket,Miraflores,20,173.0,25.46,23,11,17,51,1,2026-05-26,500
116911760,Ripley Max,-11.9327441,-77.0445777,supermarket,,4,79.6,5.09,4,11,5,20,1,2026-05-26,500
neg_0034,Punto negativo 0034,-12.08853,-77.040883,negativo_generado,,3,294.6,3.82,5,5,2,12,0,2026-05-26,500
7373912685,Oxxo,-12.0856401,-76.9129162,supermarket,,0,9999.0,0.0,0,1,4,5,1,2026-05-26,500
neg_0083,Punto negativo 0083,-12.08133,-77.06558,negativo_generado,,7,122.0,8.91,2,11,5,18,0,2026-05-26,500
neg_0494,Punto negativo 0494,-12.051505,-77.117538,negativo_generado,,1,217.5,1.27,1,0,2,3,0,2026-05-27,500
neg_0397,Punto negativo 0397,-12.021601,-76.981139,negativo_generado,,0,9999.0,0.0,0,9,0,9,0,2026-05-27,500
neg_0198,Punto negativo 0198,-12.020996,-76.976158,negativo_generado,,1,456.0,1.27,0,6,2,8,0,2026-05-26,500
1426626482,Wong,-12.089883,-77.0055793,supermarket,San Borja,3,142.7,3.82,10,4,16,30,1,2026-05-26,500
357977603,Plaza Vea,-12.1112602,-77.0068598,supermarket,San Borja,5,186.4,6.37,4,15,2,21,1,2026-05-26,500
neg_0179,Punto negativo 0179,-12.0595,-77.11014,negativo_generado,,2,418.7,2.55,0,5,0,5,0,2026-05-26,500
neg_0306,Punto negativo 0306,-12.096542,-77.039391,negativo_generado,,0,9999.0,0.0,4,2,8,14,0,2026-05-26,500
413030059,Plaza Vea,-12.0753428,-77.0530534,supermarket,Jesús María,9,122.8,11.46,11,11,9,31,1,2026-05-26,500
neg_0481,Punto negativo 0481,-12.03221,-77.100001,negativo_generado,,0,9999.0,0.0,2,4,4,10,0,2026-05-27,500
neg_0202,Punto negativo 0202,-12.069541,-77.092047,negativo_generado,,0,9999.0,0.0,0,4,1,5,0,2026-05-26,500
neg_0515,Punto negativo 0515,-12.067926,-77.109827,negativo_generado,,1,251.9,1.27,1,1,3,5,0,2026-05-27,500
neg_0263,Punto negativo 0263,-12.123189,-77.022695,negativo_generado,,14,36.9,17.83,6,4,5,15,0,2026-05-26,500
neg_0031,Punto negativo 0031,-12.094215,-77.039938,negativo_generado,,2,307.6,2.55,3,4,12,19,0,2026-05-26,500
neg_0519,Punto negativo 0519,-12.029178,-77.103458,negativo_generado,,0,9999.0,0.0,6,0,1,7,0,2026-05-27,500
neg_0470,Punto negativo 0470,-12.084688,-77.06947,negativo_generado,,6,118.7,7.64,0,10,5,15,0,2026-05-27,500
neg_0247,Punto negativo 0247,-12.0329,-77.102774,negativo_generado,,0,9999.0,0.0,4,1,2,7,0,2026-05-26,500
neg_0379,Punto negativo 0379,-12.035573,-77.100104,negativo_generado,,0,9999.0,0.0,0,5,4,9,0,2026-05-27,500
neg_0041,Punto negativo 0041,-12.057345,-77.123469,negativo_generado,,2,382.4,2.55,1,6,0,7,0,2026-05-26,500
neg_0131,Punto negativo 0131,-11.992919,-77.054642,negativo_generado,,3,326.5,3.82,1,17,6,24,0,2026-05-26,500
5789888297,Flora & Fauna,-12.1012931,-77.0019019,supermarket,San Borja,2,222.8,2.55,2,7,5,14,1,2026-05-26,500
13710282184,Punto Orgánico,-12.1053751,-77.0184162,supermarket,Surquillo,9,31.7,11.46,0,5,3,8,1,2026-05-26,500
neg_0140,Punto negativo 0140,-12.036514,-77.104339,negativo_generado,,0,9999.0,0.0,0,0,0,0,0,2026-05-26,500
1293737610,Mass,-12.1212584,-76.993303,supermarket,,0,9999.0,0.0,0,7,0,7,1,2026-05-26,500
neg_0141,Punto negativo 0141,-12.078787,-77.065517,negativo_generado,,5,232.6,6.37,4,12,2,18,0,2026-05-26,500
neg_0078,Punto negativo 0078,-12.078315,-77.079558,negativo_generado,,6,137.9,7.64,10,12,16,38,0,2026-05-26,500
neg_0395,Punto negativo 0395,-12.107152,-77.042201,negativo_generado,,1,334.4,1.27,6,0,2,8,0,2026-05-27,500
neg_0166,Punto negativo 0166,-12.131761,-77.016311,negativo_generado,,4,179.8,5.09,1,1,4,6,0,2026-05-26,500
neg_0252,Punto negativo 0252,-12.113614,-77.049408,negativo_generado,,9,184.5,11.46,2,1,4,7,0,2026-05-26,500
12590215236,Sin nombre,-12.0930523,-77.0691589,supermarket,,21,82.4,26.74,11,18,9,38,1,2026-05-26,500
neg_0145,Punto negativo 0145,-11.990036,-77.057404,negativo_generado,,4,96.8,5.09,4,12,7,23,0,2026-05-26,500
201786020,Tottus,-12.0404214,-77.0001285,supermarket,,2,125.7,2.55,2,7,1,10,1,2026-05-26,500
neg_0240,Punto negativo 0240,-12.071243,-77.07088,negativo_generado,,3,208.0,3.82,0,8,4,12,0,2026-05-26,500
4387423425,Metro,-12.0426713,-77.0425316,supermarket,Cercado de Lima,2,409.5,2.55,8,8,6,22,1,2026-05-26,500
neg_0193,Punto negativo 0193,-12.182083,-76.963052,negativo_generado,,2,381.0,2.55,1,12,1,14,0,2026-05-26,500
neg_0539,Punto negativo 0539,-12.083376,-77.064171,negativo_generado,,5,75.5,6.37,2,7,12,21,0,2026-05-27,500
neg_0242,Punto negativo 0242,-12.018522,-76.981561,negativo_generado,,0,9999.0,0.0,0,9,0,9,0,2026-05-26,500
neg_0144,Punto negativo 0144,-12.031832,-77.089563,negativo_generado,,0,9999.0,0.0,1,19,0,20,0,2026-05-26,500
neg_0149,Punto negativo 0149,-12.053104,-77.088993,negativo_generado,,2,355.2,2.55,4,0,6,10,0,2026-05-26,500
392534841,Tottus,-11.9547894,-77.0857948,supermarket,,5,47.7,6.37,0,4,1,5,1,2026-05-26,500
neg_0305,Punto negativo 0305,-12.080265,-77.000002,negativo_generado,,1,388.9,1.27,0,11,5,16,0,2026-05-26,500
neg_0299,Punto negativo 0299,-12.100926,-77.035446,negativo_generado,,3,57.8,3.82,7,8,11,26,0,2026-05-26,500
neg_0553,Punto negativo 0553,-12.173192,-76.977452,negativo_generado,,1,455.6,1.27,0,5,4,9,0,2026-05-27,500
neg_0049,Punto negativo 0049,-11.993355,-77.055538,negativo_generado,,4,409.1,5.09,5,12,8,25,0,2026-05-26,500
neg_0506,Punto negativo 0506,-12.146315,-77.012605,negativo_generado,,0,9999.0,0.0,1,12,0,13,0,2026-05-27,500
4477147437,Plaza Vea,-12.0301923,-77.0362253,supermarket,Rímac,3,292.0,3.82,3,9,6,18,1,2026-05-26,500
375884178,Plaza Vea,-12.0286784,-77.0307321,supermarket,Rímac,2,438.9,2.55,4,20,14,38,1,2026-05-26,500
neg_0146,Punto negativo 0146,-12.15461,-77.007557,negativo_generado,,0,9999.0,0.0,0,1,0,1,0,2026-05-26,500
neg_0365,Punto negativo 0365,-12.024356,-77.093935,negativo_generado,,1,367.9,1.27,0,12,0,12,0,2026-05-27,500
neg_0162,Punto negativo 0162,-12.101929,-77.034499,negativo_generado,,5,166.6,6.37,7,9,12,28,0,2026-05-26,500
neg_0015,Punto negativo 0015,-12.031316,-77.092421,negativo_generado,,1,432.6,1.27,1,18,0,19,0,2026-05-26,500
neg_0287,Punto negativo 0287,-12.1652,-77.012993,negativo_generado,,0,9999.0,0.0,0,0,0,0,0,2026-05-26,500
neg_0013,Punto negativo 0013,-12.125738,-77.035808,negativo_generado,,8,263.9,10.19,0,3,2,5,0,2026-05-26,500
neg_0212,Punto negativo 0212,-12.014078,-76.981192,negativo_generado,,0,9999.0,0.0,0,10,0,10,0,2026-05-26,500
neg_0282,Punto negativo 0282,-11.997122,-77.064452,negativo_generado,,2,440.4,2.55,10,17,9,36,0,2026-05-26,500
neg_0132,Punto negativo 0132,-12.119603,-77.022695,negativo_generado,,11,298.7,14.01,2,6,4,12,0,2026-05-26,500
neg_0024,Punto negativo 0024,-12.178093,-76.967553,negativo_generado,,2,246.3,2.55,0,9,0,9,0,2026-05-26,500
neg_0411,Punto negativo 0411,-12.020179,-76.971221,negativo_generado,,1,472.3,1.27,0,9,1,10,0,2026-05-27,500
neg_0215,Punto negativo 0215,-12.112824,-77.049719,negativo_generado,,8,91.4,10.19,2,1,4,7,0,2026-05-26,500
neg_0487,Punto negativo 0487,-12.021154,-76.98445,negativo_generado,,0,9999.0,0.0,1,17,0,18,0,2026-05-27,500
6547620077,Tambo,-12.0595293,-77.0350149,supermarket,,3,339.2,3.82,10,7,25,42,1,2026-05-26,500
neg_0548,Punto negativo 0548,-12.058048,-77.119168,negativo_generado,,1,317.1,1.27,1,4,2,7,0,2026-05-27,500
289710243,Plaza Vea,-12.1075205,-77.0391482,supermarket,San Isidro,3,434.4,3.82,10,1,2,13,1,2026-05-26,500
neg_0560,Punto negativo 0560,-12.089059,-77.069942,negativo_generado,,19,87.2,24.19,14,16,4,34,0,2026-05-27,500
neg_0124,Punto negativo 0124,-11.986733,-77.066024,negativo_generado,,5,322.8,6.37,5,15,12,32,0,2026-05-26,500
neg_0314,Punto negativo 0314,-11.984393,-77.066253,negativo_generado,,11,230.0,14.01,0,12,3,15,0,2026-05-26,500
129822354,Plaza Vea,-12.1120947,-77.0295412,supermarket,Miraflores,8,212.5,10.19,8,13,23,44,1,2026-05-26,500
4757144541,Tambo,-12.0259304,-77.009943,supermarket,,3,12.1,3.82,2,23,22,47,1,2026-05-26,500
neg_0420,Punto negativo 0420,-12.079,-77.05907,negativo_generado,,2,379.8,2.55,0,24,14,38,0,2026-05-27,500
12498658001,Mass,-12.0093889,-77.0572139,supermarket,,7,218.6,8.91,16,9,36,61,1,2026-05-26,500
4341770462,Mass,-12.0826135,-77.08226,supermarket,,3,198.5,3.82,1,9,3,13,1,2026-05-26,500
neg_0478,Punto negativo 0478,-12.095454,-77.034623,negativo_generado,,4,115.1,5.09,8,5,28,41,0,2026-05-27,500
4794227023,Mercado de lince,-12.0793852,-77.0322339,supermarket,,4,33.1,5.09,14,21,22,57,1,2026-05-26,500
neg_0349,Punto negativo 0349,-12.107954,-77.051985,negativo_generado,,0,9999.0,0.0,1,3,4,8,0,2026-05-27,500
neg_0526,Punto negativo 0526,-12.073248,-77.011843,negativo_generado,,3,267.7,3.82,1,12,3,16,0,2026-05-27,500
neg_0527,Punto negativo 0527,-12.051807,-77.109417,negativo_generado,,3,116.1,3.82,5,5,4,14,0,2026-05-27,500
neg_0200,Punto negativo 0200,-12.050698,-77.098887,negativo_generado,,1,454.8,1.27,3,2,3,8,0,2026-05-26,500
neg_0120,Punto negativo 0120,-12.09663,-77.040398,negativo_generado,,1,525.2,1.27,4,1,11,16,0,2026-05-26,500
437316547,Metro Atocongo,-12.1498895,-76.980578,supermarket,San Juan de Miraflores,4,189.9,5.09,1,12,13,26,1,2026-05-26,500
12610365426,Mass,-12.090781,-77.0827191,supermarket,,11,45.5,14.01,0,17,3,20,1,2026-05-26,500
194898811,Metro,-12.0538432,-77.0429252,supermarket,Breña,6,114.2,7.64,5,45,9,59,1,2026-05-26,500
4042632144,Plaza Vea,-12.0657587,-77.0485241,supermarket,,4,158.5,5.09,7,19,9,35,1,2026-05-26,500
neg_0172,Punto negativo 0172,-12.023731,-76.981378,negativo_generado,,0,9999.0,0.0,0,9,0,9,0,2026-05-26,500
338365656,Wong,-12.1216472,-77.0112522,supermarket,Miraflores,0,9999.0,0.0,3,4,0,7,1,2026-05-26,500
neg_0082,Punto negativo 0082,-12.185359,-76.971846,negativo_generado,,1,439.1,1.27,0,2,6,8,0,2026-05-26,500
neg_0182,Punto negativo 0182,-12.109518,-77.041539,negativo_generado,,1,341.9,1.27,6,2,1,9,0,2026-05-26,500
neg_0067,Punto negativo 0067,-12.08307,-77.059591,negativo_generado,,1,435.5,1.27,2,19,12,33,0,2026-05-26,500
13088028409,Holi Supermercado,-12.1171715,-77.0063262,supermarket,Surquillo,4,226.4,5.09,0,8,4,12,1,2026-05-26,500
271236476,Plaza Vea,-12.1485463,-76.9870048,supermarket,,18,102.0,22.92,2,12,14,28,1,2026-05-26,500
1846396610,Hipermercados Tottus Planta Modelo,-12.0563944,-77.1013895,supermarket,Bellavista,1,475.4,1.27,4,2,0,6,1,2026-05-26,500
neg_0274,Punto negativo 0274,-12.137941,-77.024773,negativo_generado,,4,264.5,5.09,1,8,12,21,0,2026-05-26,500
neg_0059,Punto negativo 0059,-12.122054,-77.024044,negativo_generado,,21,11.6,26.74,5,3,9,17,0,2026-05-26,500
4964311021,Sin nombre,-12.1037552,-77.0016083,supermarket,,2,275.6,2.55,0,8,3,11,1,2026-05-26,500
neg_0309,Punto negativo 0309,-12.077631,-77.009556,negativo_generado,,2,460.7,2.55,1,7,2,10,0,2026-05-26,500
neg_0014,Punto negativo 0014,-12.070996,-77.070852,negativo_generado,,3,223.5,3.82,0,8,4,12,0,2026-05-26,500
neg_0135,Punto negativo 0135,-12.109793,-77.054704,negativo_generado,,0,9999.0,0.0,0,2,2,4,0,2026-05-26,500
13430613677,Comercial El Chinito,-11.9766922,-76.7732287,supermarket,,6,27.5,7.64,3,9,0,12,1,2026-05-26,500
436598550,Tottus,-12.048336,-77.0584801,supermarket,Breña,0,9999.0,0.0,1,2,1,4,1,2026-05-26,500
422886835,Metro,-12.1984498,-77.0118904,supermarket,,3,203.5,3.82,2,10,5,17,1,2026-05-26,500
neg_0326,Punto negativo 0326,-11.995761,-77.059468,negativo_generado,,3,258.7,3.82,14,5,14,33,0,2026-05-26,500
neg_0074,Punto negativo 0074,-12.065597,-77.113007,negativo_generado,,0,9999.0,0.0,0,2,3,5,0,2026-05-26,500
12590212829,Organa,-12.0921856,-77.0714551,supermarket,,35,48.9,44.56,12,17,7,36,1,2026-05-26,500
neg_0137,Punto negativo 0137,-12.01525,-76.979104,negativo_generado,,0,9999.0,0.0,0,3,0,3,0,2026-05-26,500
neg_0479,Punto negativo 0479,-12.153648,-77.014772,negativo_generado,,4,120.8,5.09,0,5,0,5,0,2026-05-27,500
neg_0192,Punto negativo 0192,-12.05776,-77.099977,negativo_generado,,2,216.0,2.55,4,1,0,5,0,2026-05-26,500
4337187263,Jet Market,-12.0967852,-77.0230856,supermarket,,7,195.3,8.91,18,3,11,32,1,2026-05-26,500
neg_0245,Punto negativo 0245,-12.104855,-77.033746,negativo_generado,,6,255.3,7.64,6,10,10,26,0,2026-05-26,500
9908284943,Home Market Gourmet,-12.1211489,-76.9878078,supermarket,,2,27.0,2.55,0,6,0,6,1,2026-05-26,500
neg_0531,Punto negativo 0531,-12.125665,-77.021317,negativo_generado,,9,217.8,11.46,10,4,8,22,0,2026-05-27,500
4422639927,Mercado de Abastos,-12.1875027,-77.0079983,supermarket,,2,38.0,2.55,2,11,8,21,1,2026-05-26,500
neg_0344,Punto negativo 0344,-12.05199,-77.12092,negativo_generado,,1,347.1,1.27,2,2,2,6,0,2026-05-27,500
neg_0151,Punto negativo 0151,-12.151408,-77.003531,negativo_generado,,0,9999.0,0.0,1,3,0,4,0,2026-05-26,500
neg_0426,Punto negativo 0426,-12.056447,-77.116523,negativo_generado,,2,137.8,2.55,1,5,5,11,0,2026-05-27,500
4035459874,Tottus,-12.0856462,-76.9791644,supermarket,,2,388.5,2.55,10,2,9,21,1,2026-05-26,500
neg_0164,Punto negativo 0164,-12.137528,-77.026867,negativo_generado,,3,486.3,3.82,1,4,12,17,0,2026-05-26,500
neg_0111,Punto negativo 0111,-12.065031,-77.118742,negativo_generado,,3,352.4,3.82,2,5,2,9,0,2026-05-26,500
neg_0513,Punto negativo 0513,-11.992928,-77.054579,negativo_generado,,3,320.9,3.82,1,17,6,24,0,2026-05-27,500
4351837814,Tottus,-12.1591942,-76.989059,supermarket,Santiago de Surco,1,53.5,1.27,1,7,7,15,1,2026-05-26,500
neg_0090,Punto negativo 0090,-12.073886,-77.010519,negativo_generado,,2,190.3,2.55,1,13,3,17,0,2026-05-26,500
neg_0502,Punto negativo 0502,-12.108919,-77.053264,negativo_generado,,0,9999.0,0.0,0,3,2,5,0,2026-05-27,500
neg_0267,Punto negativo 0267,-12.164844,-77.011977,negativo_generado,,0,9999.0,0.0,0,0,0,0,0,2026-05-26,500
554928908,Tottus,-11.9931742,-77.0093162,supermarket,San Juan de Lurigancho,9,254.4,11.46,0,16,14,30,1,2026-05-26,500
neg_0304,Punto negativo 0304,-12.07338,-77.085145,negativo_generado,,2,458.6,2.55,8,3,1,12,0,2026-05-26,500
neg_0308,Punto negativo 0308,-11.993121,-77.054897,negativo_generado,,3,361.5,3.82,1,14,8,23,0,2026-05-26,500
neg_0452,Punto negativo 0452,-12.107699,-77.04842,negativo_generado,,2,262.7,2.55,0,4,2,6,0,2026-05-27,500
neg_0038,Punto negativo 0038,-12.073091,-77.082408,negativo_generado,,4,422.5,5.09,12,4,7,23,0,2026-05-26,500
2799370511,Plaza Vea,-12.1728213,-76.9926674,supermarket,,1,49.9,1.27,3,9,7,19,1,2026-05-26,500
neg_0335,Punto negativo 0335,-12.126573,-77.025828,negativo_generado,,18,19.6,22.92,14,10,19,43,0,2026-05-27,500
neg_0163,Punto negativo 0163,-12.181517,-76.975648,negativo_generado,,2,398.9,2.55,0,8,8,16,0,2026-05-26,500
6166170985,Tottus,-12.0144694,-77.0948941,supermarket,,0,9999.0,0.0,0,9,2,11,1,2026-05-26,500
4511355992,Mercado Santa Rosa,-12.0156361,-76.8181814,supermarket,Huaycán,0,9999.0,0.0,0,18,0,18,1,2026-05-26,500
723007488,Sin nombre,-12.0878225,-77.0539085,supermarket,,2,92.6,2.55,4,11,2,17,1,2026-05-26,500
1459679126,Vega Supermayorista,-11.8628578,-77.0087755,supermarket,,0,9999.0,0.0,0,7,7,14,1,2026-05-26,500
neg_0066,Punto negativo 0066,-12.0605,-77.095751,negativo_generado,,3,284.6,3.82,4,4,2,10,0,2026-05-26,500
neg_0143,Punto negativo 0143,-12.073868,-77.000286,negativo_generado,,1,325.3,1.27,2,12,0,14,0,2026-05-26,500
neg_0432,Punto negativo 0432,-12.129993,-77.017112,negativo_generado,,4,59.7,5.09,5,2,3,10,0,2026-05-27,500
289710415,Vivanda - Libertadores,-12.103729,-77.0380376,supermarket,San Isidro,3,202.8,3.82,9,1,3,13,1,2026-05-26,500
neg_0070,Punto negativo 0070,-12.119806,-77.042238,negativo_generado,,4,242.0,5.09,0,6,4,10,0,2026-05-26,500
neg_0250,Punto negativo 0250,-12.173568,-76.974704,negativo_generado,,0,9999.0,0.0,0,3,2,5,0,2026-05-26,500
435335789,Vivanda,-12.1243749,-77.0280731,supermarket,Miraflores,30,141.5,38.2,26,7,23,56,1,2026-05-26,500
neg_0533,Punto negativo 0533,-12.112769,-77.05219,negativo_generado,,1,267.6,1.27,0,1,1,2,0,2026-05-27,500
neg_0377,Punto negativo 0377,-12.017077,-76.982059,negativo_generado,,0,9999.0,0.0,0,11,0,11,0,2026-05-27,500
neg_0076,Punto negativo 0076,-12.092555,-77.078447,negativo_generado,,14,103.9,17.83,0,13,3,16,0,2026-05-26,500
neg_0127,Punto negativo 0127,-12.129355,-77.026614,negativo_generado,,9,258.8,11.46,10,5,22,37,0,2026-05-26,500
neg_0458,Punto negativo 0458,-12.13507,-77.027246,negativo_generado,,2,321.8,2.55,1,0,10,11,0,2026-05-27,500
neg_0244,Punto negativo 0244,-11.981428,-77.0612,negativo_generado,,1,274.3,1.27,0,11,21,32,0,2026-05-26,500
289486743,Plaza Vea Alfonso Ugarte,-12.0537694,-77.0416274,supermarket,Cercado de Lima,5,141.4,6.37,6,39,18,63,1,2026-05-26,500
neg_0296,Punto negativo 0296,-12.070828,-77.004576,negativo_generado,,2,472.5,2.55,2,8,0,10,0,2026-05-26,500
neg_0525,Punto negativo 0525,-12.071898,-76.999824,negativo_generado,,0,9999.0,0.0,2,6,0,8,0,2026-05-27,500
183892607,Candy,-12.0906819,-77.0670475,supermarket,,16,166.2,20.37,8,15,8,31,1,2026-05-26,500
439031080,Plaza Vea,-12.0984623,-77.0114393,supermarket,San Borja,1,66.9,1.27,4,2,5,11,1,2026-05-26,500
neg_0427,Punto negativo 0427,-12.17765,-76.969466,negativo_generado,,2,159.6,2.55,0,5,0,5,0,2026-05-27,500
neg_0473,Punto negativo 0473,-12.020418,-76.978131,negativo_generado,,0,9999.0,0.0,0,4,0,4,0,2026-05-27,500
5009957729,Plaza Vea,-12.1724416,-76.9924228,supermarket,Chorrillos,2,49.9,2.55,3,8,7,18,1,2026-05-26,500
11527318659,Bodega Melissa,-12.0333071,-76.9582508,supermarket,Santa Anita,3,289.2,3.82,0,9,0,9,1,2026-05-26,500
neg_0293,Punto negativo 0293,-12.091019,-77.061651,negativo_generado,,14,45.9,17.83,1,8,10,19,0,2026-05-26,500
neg_0385,Punto negativo 0385,-11.981611,-77.054427,negativo_generado,,1,412.7,1.27,0,16,17,33,0,2026-05-27,500
9335388691,Tottus,-11.9370865,-77.0649057,supermarket,,0,9999.0,0.0,3,8,0,11,1,2026-05-26,500
11577530369,Mass,-12.1561759,-77.0151089,supermarket,,3,157.5,3.82,0,3,0,3,1,2026-05-26,500
neg_0077,Punto negativo 0077,-12.094507,-77.037753,negativo_generado,,3,312.7,3.82,8,5,14,27,0,2026-05-26,500
6725518670,MaxiAhorro Chorrillos,-12.1748413,-77.0183731,supermarket,,2,136.1,2.55,1,8,4,13,1,2026-05-26,500
neg_0436,Punto negativo 0436,-12.019069,-76.977058,negativo_generado,,0,9999.0,0.0,0,3,0,3,0,2026-05-27,500
6341175485,Bodega Anónima,-12.1118445,-77.0193775,supermarket,,4,166.5,5.09,3,6,8,17,1,2026-05-26,500
neg_0051,Punto negativo 0051,-12.09727,-77.033005,negativo_generado,,3,116.4,3.82,8,9,17,34,0,2026-05-26,500
neg_0197,Punto negativo 0197,-12.095925,-77.067945,negativo_generado,,17,71.2,21.65,3,10,7,20,0,2026-05-26,500
neg_0503,Punto negativo 0503,-12.022022,-76.975387,negativo_generado,,1,316.3,1.27,0,7,2,9,0,2026-05-27,500
neg_0514,Punto negativo 0514,-12.070544,-77.086675,negativo_generado,,0,9999.0,0.0,1,3,0,4,0,2026-05-27,500
neg_0241,Punto negativo 0241,-12.022858,-77.102164,negativo_generado,,4,92.6,5.09,9,2,10,21,0,2026-05-26,500
neg_0246,Punto negativo 0246,-12.113579,-77.040487,negativo_generado,,4,393.8,5.09,0,9,0,9,0,2026-05-26,500
6725544657,MaxiAhorro Rímac,-12.0396557,-77.0326094,supermarket,Rímac,1,376.3,1.27,0,10,18,28,1,2026-05-26,500
2099768082,Wong,-12.0914947,-76.9517044,supermarket,La Molina,3,55.6,3.82,4,1,10,15,1,2026-05-26,500
neg_0113,Punto negativo 0113,-12.066358,-76.999124,negativo_generado,,1,515.6,1.27,1,5,0,6,0,2026-05-26,500
4341442809,Plaza Vea Hiper,-11.8727819,-77.1267971,supermarket,Satelite,3,265.3,3.82,5,3,4,12,1,2026-05-26,500
4341361305,PlazaVea Chaclacayo,-11.9763092,-76.7716208,supermarket,Chaclacayo,8,97.2,10.19,3,7,0,10,1,2026-05-26,500
neg_0044,Punto negativo 0044,-12.05043,-77.094322,negativo_generado,,1,255.7,1.27,4,3,3,10,0,2026-05-26,500
208457358,Metro,-12.0760809,-77.0890123,supermarket,San Miguel,1,362.6,1.27,12,9,6,27,1,2026-05-26,500
neg_0466,Punto negativo 0466,-11.989896,-77.050189,negativo_generado,,2,270.1,2.55,0,15,0,15,0,2026-05-27,500
neg_0465,Punto negativo 0465,-12.122416,-77.022988,negativo_generado,,15,73.8,19.1,5,3,5,13,0,2026-05-27,500
neg_0370,Punto negativo 0370,-12.060844,-77.110637,negativo_generado,,1,326.5,1.27,0,5,0,5,0,2026-05-27,500
neg_0177,Punto negativo 0177,-12.078516,-77.000168,negativo_generado,,1,196.4,1.27,0,15,1,16,0,2026-05-26,500
289555109,Wong,-12.0920985,-77.0417597,supermarket,San Isidro,2,250.0,2.55,1,4,13,18,1,2026-05-26,500
neg_0358,Punto negativo 0358,-12.187212,-76.971124,negativo_generado,,0,9999.0,0.0,0,2,1,3,0,2026-05-27,500
neg_0424,Punto negativo 0424,-12.114378,-77.024695,negativo_generado,,4,203.5,5.09,9,14,11,34,0,2026-05-27,500
289487250,Plaza Vea Risso,-12.0866722,-77.0348331,supermarket,Lince,9,209.0,11.46,12,21,26,59,1,2026-05-26,500
neg_0303,Punto negativo 0303,-12.177735,-76.968847,negativo_generado,,2,191.5,2.55,0,5,0,5,0,2026-05-26,500
neg_0529,Punto negativo 0529,-12.079061,-77.061512,negativo_generado,,4,230.5,5.09,3,18,10,31,0,2026-05-27,500
neg_0310,Punto negativo 0310,-12.079649,-77.092629,negativo_generado,,2,460.6,2.55,8,8,4,20,0,2026-05-26,500
446009973,Metro,-12.0496439,-77.0317024,supermarket,Cercado de Lima,5,225.4,6.37,18,8,21,47,1,2026-05-26,500
neg_0119,Punto negativo 0119,-12.081738,-77.078501,negativo_generado,,2,199.7,2.55,1,12,6,19,0,2026-05-26,500
neg_0050,Punto negativo 0050,-12.126041,-77.037871,negativo_generado,,2,306.2,2.55,0,3,0,3,0,2026-05-26,500
neg_0249,Punto negativo 0249,-12.180063,-76.968071,negativo_generado,,2,181.6,2.55,0,6,0,6,0,2026-05-26,500
2644956629,Plaza Vea,-12.0481304,-77.0330813,supermarket,,7,123.9,8.91,21,9,7,37,1,2026-05-26,500
1482508945,Metro,-12.0592092,-77.126424,supermarket,Bellavista,0,9999.0,0.0,0,11,0,11,1,2026-05-26,500
neg_0471,Punto negativo 0471,-12.176342,-76.970795,negativo_generado,,1,118.0,1.27,0,7,0,7,0,2026-05-27,500
445978658,Tottus,-12.0482037,-77.0378874,supermarket,,9,104.2,11.46,12,16,23,51,1,2026-05-26,500
neg_0454,Punto negativo 0454,-12.080221,-77.063155,negativo_generado,,4,233.7,5.09,4,14,8,26,0,2026-05-27,500
neg_0154,Punto negativo 0154,-12.118871,-77.04968,negativo_generado,,0,9999.0,0.0,0,0,0,0,0,2026-05-26,500
neg_0097,Punto negativo 0097,-12.133794,-77.014739,negativo_generado,,3,131.8,3.82,1,1,1,3,0,2026-05-26,500
435315546,MMK Supermarket,-12.1076509,-77.0182333,supermarket,,6,251.6,7.64,0,5,2,7,1,2026-05-26,500
neg_0183,Punto negativo 0183,-12.114401,-77.029316,negativo_generado,,15,174.4,19.1,11,17,22,50,0,2026-05-26,500
neg_0300,Punto negativo 0300,-12.122523,-77.038312,negativo_generado,,4,169.6,5.09,2,5,4,11,0,2026-05-26,500
neg_0103,Punto negativo 0103,-12.057699,-77.116226,negativo_generado,,1,304.4,1.27,1,5,4,10,0,2026-05-26,500
neg_0039,Punto negativo 0039,-12.060313,-77.105765,negativo_generado,,3,144.1,3.82,0,3,0,3,0,2026-05-26,500
neg_0228,Punto negativo 0228,-12.128134,-77.024019,negativo_generado,,7,226.0,8.91,5,6,11,22,0,2026-05-26,500
1917986232,Tottus,-11.9939964,-77.0619646,supermarket,Independencia,3,217.6,3.82,23,9,11,43,1,2026-05-26,500
439197472,Hong Kong Market,-12.091382,-77.0047852,supermarket,,3,172.7,3.82,9,3,13,25,1,2026-05-26,500
3788360422,Dolce Mela Surco Valle Hermoso,-12.1268803,-76.9752005,supermarket,,4,19.5,5.09,1,7,1,9,1,2026-05-26,500
neg_0071,Punto negativo 0071,-12.069515,-77.062657,negativo_generado,,2,478.3,2.55,2,9,4,15,0,2026-05-26,500
435044936,Plaza Vea,-12.1294903,-76.9838052,supermarket,,2,165.6,2.55,5,3,2,10,1,2026-05-26,500
neg_0297,Punto negativo 0297,-12.07764,-77.09358,negativo_generado,,1,526.1,1.27,6,6,5,17,0,2026-05-26,500
neg_0453,Punto negativo 0453,-12.1268,-77.01672,negativo_generado,,2,385.2,2.55,7,7,2,16,0,2026-05-27,500
neg_0557,Punto negativo 0557,-12.183101,-76.976084,negativo_generado,,2,223.1,2.55,0,11,8,19,0,2026-05-27,500
neg_0260,Punto negativo 0260,-12.15432,-77.006473,negativo_generado,,0,9999.0,0.0,1,1,0,2,0,2026-05-26,500
neg_0055,Punto negativo 0055,-12.079244,-77.074409,negativo_generado,,0,9999.0,0.0,0,11,6,17,0,2026-05-26,500
neg_0433,Punto negativo 0433,-12.064688,-77.115568,negativo_generado,,0,9999.0,0.0,1,5,3,9,0,2026-05-27,500
391851727,Metro,-11.9321198,-77.0442188,supermarket,,4,79.6,5.09,4,10,5,19,1,2026-05-26,500
436893805,Gran Mercado Inka,-12.0820255,-77.0693003,supermarket,,5,279.2,6.37,0,11,10,21,1,2026-05-26,500
6725538225,MaxiAhorro Lince,-12.0821561,-77.0285085,supermarket,Lince,1,82.0,1.27,7,9,12,28,1,2026-05-26,500
neg_0165,Punto negativo 0165,-12.029017,-76.977932,negativo_generado,,0,9999.0,0.0,0,1,0,1,0,2026-05-26,500
neg_0285,Punto negativo 0285,-12.153814,-77.004184,negativo_generado,,0,9999.0,0.0,1,0,0,1,0,2026-05-26,500
neg_0257,Punto negativo 0257,-12.031057,-77.093028,negativo_generado,,1,386.4,1.27,1,14,0,15,0,2026-05-26,500
1409623524,Metro,-12.1037581,-77.0204994,supermarket,Surquillo,10,183.0,12.73,0,5,3,8,1,2026-05-26,500
293642349,Plaza Vea,-12.0415459,-77.0219681,supermarket,Rímac,0,9999.0,0.0,0,3,10,13,1,2026-05-26,500
neg_0410,Punto negativo 0410,-12.120663,-77.046057,negativo_generado,,1,372.5,1.27,0,1,4,5,0,2026-05-27,500
neg_0160,Punto negativo 0160,-12.14807,-77.006721,negativo_generado,,1,450.5,1.27,0,15,0,15,0,2026-05-26,500
105938879,Cooperativa de Servicios Especiales Trabajadores Unidos del Callao Ltda.,-12.0559053,-77.1141117,supermarket,Callao,1,306.2,1.27,1,5,5,11,1,2026-05-26,500
5055058521,Flora y Fauna,-12.111145,-76.9866226,supermarket,San Borja,1,274.7,1.27,2,5,1,8,1,2026-05-26,500
neg_0505,Punto negativo 0505,-12.025752,-77.103336,negativo_generado,,3,411.4,3.82,14,1,4,19,0,2026-05-27,500
neg_0248,Punto negativo 0248,-12.076457,-77.079229,negativo_generado,,5,143.0,6.37,9,7,16,32,0,2026-05-26,500
1159056886,La Esquina de La Planicie,-12.0783088,-76.8991851,supermarket,,2,493.7,2.55,0,0,0,0,1,2026-05-26,500
4694165214,Tottus,-12.1977661,-76.964383,supermarket,,3,218.5,3.82,2,9,0,11,1,2026-05-26,500
neg_0262,Punto negativo 0262,-12.084184,-77.094233,negativo_generado,,3,247.5,3.82,2,10,0,12,0,2026-05-26,500
303407094,Metro,-11.8776119,-77.1261178,supermarket,Ventanilla,3,337.8,3.82,5,3,4,12,1,2026-05-26,500
723007485,Metro,-12.0869918,-77.053855,supermarket,,2,92.6,2.55,4,10,0,14,1,2026-05-26,500
neg_0425,Punto negativo 0425,-12.163529,-77.010719,negativo_generado,,1,437.2,1.27,0,0,0,0,0,2026-05-27,500
neg_0253,Punto negativo 0253,-12.134358,-77.01876,negativo_generado,,6,296.4,7.64,1,3,5,9,0,2026-05-26,500
436770841,Santa Natura,-12.089749,-77.0351247,supermarket,,7,18.0,8.91,9,14,28,51,1,2026-05-26,500
6275372114,Wong,-12.1228117,-77.0322008,supermarket,,25,64.2,31.83,25,10,18,53,1,2026-05-26,500
neg_0504,Punto negativo 0504,-12.131639,-77.013073,negativo_generado,,2,354.5,2.55,0,4,0,4,0,2026-05-27,500
11975484269,denisil,-12.1553811,-77.0212288,supermarket,,2,345.9,2.55,3,9,4,16,1,2026-05-26,500
12431466802,mass,-12.0053284,-77.0993523,supermarket,,5,112.7,6.37,1,4,0,5,1,2026-05-26,500
neg_0421,Punto negativo 0421,-12.184508,-76.973468,negativo_generado,,2,269.9,2.55,0,5,6,11,0,2026-05-27,500
neg_0004,Punto negativo 0004,-12.075656,-77.056727,negativo_generado,,4,286.8,5.09,4,10,10,24,0,2026-05-26,500
436955829,Plaza Vea,-12.1684731,-77.0256121,supermarket,,1,320.2,1.27,4,15,8,27,1,2026-05-26,500
959828530,Plaza Vea,-12.0574878,-77.0376989,supermarket,Cercado de Lima,5,220.8,6.37,14,18,37,69,1,2026-05-26,500
neg_0564,Punto negativo 0564,-12.082744,-77.009191,negativo_generado,,5,43.0,6.37,4,8,4,16,0,2026-05-27,500
neg_0148,Punto negativo 0148,-12.052166,-77.124508,negativo_generado,,1,108.8,1.27,1,4,2,7,0,2026-05-26,500
neg_0476,Punto negativo 0476,-12.157328,-77.010827,negativo_generado,,2,300.2,2.55,0,0,0,0,0,2026-05-27,500
neg_0110,Punto negativo 0110,-12.080646,-77.003709,negativo_generado,,0,9999.0,0.0,2,10,6,18,0,2026-05-26,500
neg_0229,Punto negativo 0229,-12.10633,-77.051128,negativo_generado,,2,421.8,2.55,2,5,3,10,0,2026-05-26,500
12431484601,mass,-12.0212915,-77.1001703,supermarket,,4,275.8,5.09,1,5,5,11,1,2026-05-26,500
1240674693,Sin nombre,-12.0333233,-76.9583047,supermarket,,3,283.4,3.82,0,9,0,9,1,2026-05-26,500
neg_0382,Punto negativo 0382,-12.098849,-77.043003,negativo_generado,,0,9999.0,0.0,1,2,1,4,0,2026-05-27,500
11816016566,Tienda Mass,-11.9015507,-77.0553356,supermarket,Lima,3,287.4,3.82,0,3,3,6,1,2026-05-26,500
436266436,Plaza Vea Super,-12.0796947,-77.1066912,supermarket,San Miguel,0,9999.0,0.0,0,10,1,11,1,2026-05-26,500
neg_0317,Punto negativo 0317,-12.101309,-77.030966,negativo_generado,,3,115.7,3.82,5,13,16,34,0,2026-05-26,500
neg_0554,Punto negativo 0554,-12.020817,-77.094819,negativo_generado,,1,311.6,1.27,0,11,0,11,0,2026-05-27,500
neg_0201,Punto negativo 0201,-12.062079,-77.114991,negativo_generado,,0,9999.0,0.0,0,5,0,5,0,2026-05-26,500
806617669,Mass,-12.1184591,-77.0180622,supermarket,,3,273.4,3.82,0,3,1,4,1,2026-05-26,500
neg_0033,Punto negativo 0033,-12.094243,-77.076095,negativo_generado,,18,174.7,22.92,1,13,3,17,0,2026-05-26,500
neg_0301,Punto negativo 0301,-12.120124,-77.042205,negativo_generado,,4,235.1,5.09,0,6,4,10,0,2026-05-26,500
13430613671,Mass,-11.9767114,-76.7732788,supermarket,,6,28.9,7.64,3,9,0,12,1,2026-05-26,500
neg_0328,Punto negativo 0328,-12.158938,-77.008102,negativo_generado,,1,186.9,1.27,0,0,0,0,0,2026-05-26,500
neg_0256,Punto negativo 0256,-12.100808,-77.043696,negativo_generado,,0,9999.0,0.0,1,2,1,4,0,2026-05-26,500
neg_0495,Punto negativo 0495,-12.080408,-77.084965,negativo_generado,,5,366.4,6.37,9,5,10,24,0,2026-05-27,500
neg_0336,Punto negativo 0336,-12.031401,-77.105507,negativo_generado,,0,9999.0,0.0,5,0,0,5,0,2026-05-27,500
neg_0084,Punto negativo 0084,-12.07927,-77.085949,negativo_generado,,4,267.5,5.09,12,4,10,26,0,2026-05-26,500
599943813,Plaza Vea,-12.1966223,-77.0119884,supermarket,Chorrillos,2,203.5,2.55,2,12,6,20,1,2026-05-26,500
neg_0318,Punto negativo 0318,-12.096748,-77.04371,negativo_generado,,0,9999.0,0.0,1,3,8,12,0,2026-05-26,500
neg_0022,Punto negativo 0022,-12.07695,-77.003573,negativo_generado,,1,399.8,1.27,1,14,1,16,0,2026-05-26,500
neg_0138,Punto negativo 0138,-12.031514,-77.109459,negativo_generado,,0,9999.0,0.0,0,0,21,21,0,2026-05-26,500
neg_0025,Punto negativo 0025,-12.036979,-77.091591,negativo_generado,,37,119.9,47.11,1,19,1,21,0,2026-05-26,500
neg_0221,Punto negativo 0221,-12.05975,-77.099256,negativo_generado,,3,344.4,3.82,6,3,3,12,0,2026-05-26,500
4343696260,Plaza Vea,-11.9329993,-77.0455594,supermarket,,4,110.5,5.09,4,13,5,22,1,2026-05-26,500
neg_0064,Punto negativo 0064,-12.053426,-77.113319,negativo_generado,,3,288.8,3.82,1,4,7,12,0,2026-05-26,500
neg_0086,Punto negativo 0086,-12.061087,-77.099122,negativo_generado,,3,362.8,3.82,3,5,3,11,0,2026-05-26,500
neg_0273,Punto negativo 0273,-12.135744,-77.021374,negativo_generado,,5,135.6,6.37,1,6,13,20,0,2026-05-26,500
465799389,Sin nombre,-12.0900168,-77.0346683,supermarket,,8,42.2,10.19,10,13,31,54,1,2026-05-26,500
357299857,Tottus,-12.072677,-76.9509223,supermarket,Ate,1,295.5,1.27,0,6,2,8,1,2026-05-26,500
neg_0572,Punto negativo 0572,-12.061163,-77.08676,negativo_generado,,0,9999.0,0.0,0,5,3,8,0,2026-05-27,500
neg_0477,Punto negativo 0477,-12.179609,-76.974403,negativo_generado,,0,9999.0,0.0,0,1,6,7,0,2026-05-27,500
9908282578,Tienda Mass,-12.1368738,-77.004836,supermarket,,7,366.4,8.91,1,5,0,6,1,2026-05-26,500
4451910290,Enrique Milla Ochoa,-11.9571897,-77.0795447,supermarket,Los Olivos,6,281.6,7.64,1,8,3,12,1,2026-05-26,500
neg_0399,Punto negativo 0399,-12.09218,-77.075081,negativo_generado,,26,80.6,33.1,10,16,2,28,0,2026-05-27,500
neg_0209,Punto negativo 0209,-12.081342,-77.072422,negativo_generado,,3,347.8,3.82,0,9,6,15,0,2026-05-26,500
7214092320,Donde Wili Market,-12.0836589,-76.8977643,supermarket,,2,117.9,2.55,0,2,8,10,1,2026-05-26,500
neg_0158,Punto negativo 0158,-12.095324,-77.043361,negativo_generado,,3,398.7,3.82,4,4,9,17,0,2026-05-26,500
neg_0302,Punto negativo 0302,-11.99243,-77.065852,negativo_generado,,5,319.1,6.37,19,23,23,65,0,2026-05-26,500
neg_0485,Punto negativo 0485,-12.065154,-77.110914,negativo_generado,,1,362.3,1.27,0,3,3,6,0,2026-05-27,500
neg_0403,Punto negativo 0403,-12.059398,-77.102286,negativo_generado,,3,330.3,3.82,4,2,2,8,0,2026-05-27,500
neg_0294,Punto negativo 0294,-12.098378,-77.038364,negativo_generado,,1,419.2,1.27,4,1,3,8,0,2026-05-26,500
289666122,Vivanda,-12.091934,-77.0456001,supermarket,San Isidro,2,113.7,2.55,4,4,12,20,1,2026-05-26,500
neg_0019,Punto negativo 0019,-12.055898,-77.090133,negativo_generado,,1,516.7,1.27,0,1,1,2,0,2026-05-26,500
neg_0266,Punto negativo 0266,-12.051606,-77.113072,negativo_generado,,4,308.4,5.09,6,2,5,13,0,2026-05-26,500
4432955103,Maxssi Tiendas,-11.9752928,-77.0721912,supermarket,Los Olivos,6,260.5,7.64,0,19,4,23,1,2026-05-26,500
neg_0542,Punto negativo 0542,-12.071471,-77.009684,negativo_generado,,6,115.1,7.64,2,16,3,21,0,2026-05-27,500
50223184,Plaza Vea,-12.0760277,-77.0646201,supermarket,,3,247.2,3.82,5,15,4,24,1,2026-05-26,500
12421884714,Mass,-12.1202498,-77.0361202,supermarket,,10,200.3,12.73,5,11,7,23,1,2026-05-26,500
neg_0394,Punto negativo 0394,-11.986633,-77.057109,negativo_generado,,4,239.9,5.09,2,16,8,26,0,2026-05-27,500
neg_0460,Punto negativo 0460,-12.112841,-77.0486,negativo_generado,,9,147.9,11.46,2,1,4,7,0,2026-05-27,500
295316069,Metro,-11.9340348,-77.0564928,supermarket,El Retablo,0,9999.0,0.0,0,19,5,24,1,2026-05-26,500
neg_0291,Punto negativo 0291,-12.063915,-77.12292,negativo_generado,,3,136.7,3.82,3,4,1,8,0,2026-05-26,500
4347877182,Arakaki,-12.1055949,-77.0473221,supermarket,,0,9999.0,0.0,0,3,2,5,1,2026-05-26,500
neg_0056,Punto negativo 0056,-12.0555,-77.089237,negativo_generado,,1,537.0,1.27,1,1,4,6,0,2026-05-26,500
neg_0161,Punto negativo 0161,-12.083806,-77.080035,negativo_generado,,3,114.7,3.82,1,11,0,12,0,2026-05-26,500
neg_0562,Punto negativo 0562,-12.179631,-76.966173,negativo_generado,,1,48.0,1.27,1,10,1,12,0,2026-05-27,500
neg_0234,Punto negativo 0234,-12.123618,-77.022559,negativo_generado,,13,77.8,16.55,5,3,5,13,0,2026-05-26,500
neg_0036,Punto negativo 0036,-12.071593,-77.059861,negativo_generado,,1,289.8,1.27,2,10,4,16,0,2026-05-26,500
neg_0068,Punto negativo 0068,-12.07166,-77.006485,negativo_generado,,4,305.7,5.09,1,15,0,16,0,2026-05-26,500
neg_0509,Punto negativo 0509,-12.122631,-77.023373,negativo_generado,,16,63.2,20.37,5,3,6,14,0,2026-05-27,500
13088028411,Holi Supermercado,-12.0826698,-77.0504192,supermarket,Jesús María,6,413.0,7.64,3,16,2,21,1,2026-05-26,500
neg_0185,Punto negativo 0185,-12.024828,-76.979336,negativo_generado,,0,9999.0,0.0,0,7,0,7,0,2026-05-26,500
neg_0085,Punto negativo 0085,-12.147774,-77.015443,negativo_generado,,0,9999.0,0.0,1,13,0,14,0,2026-05-26,500
neg_0511,Punto negativo 0511,-12.058229,-77.086696,negativo_generado,,0,9999.0,0.0,0,0,5,5,0,2026-05-27,500
13088028410,Holi Supermercado,-12.112873,-77.0459378,supermarket,Miraflores,9,120.0,11.46,2,2,6,10,1,2026-05-26,500
neg_0114,Punto negativo 0114,-12.060384,-77.098161,negativo_generado,,3,345.7,3.82,3,4,3,10,0,2026-05-26,500
neg_0208,Punto negativo 0208,-12.080409,-77.066589,negativo_generado,,8,249.3,10.19,2,10,5,17,0,2026-05-26,500
518440884,Vega,-11.9684178,-77.0958628,supermarket,,7,137.2,8.91,0,9,5,14,1,2026-05-26,500
neg_0035,Punto negativo 0035,-12.109737,-77.040947,negativo_generado,,4,314.6,5.09,6,3,1,10,0,2026-05-26,500
3063581760,Mercado Tantamayo,-11.9593354,-77.0967296,supermarket,,7,113.1,8.91,0,9,2,11,1,2026-05-26,500
267254732,Tottus,-12.027661,-77.0937826,supermarket,Callao,0,9999.0,0.0,1,10,0,11,1,2026-05-26,500
neg_0532,Punto negativo 0532,-12.055949,-77.093585,negativo_generado,,2,421.5,2.55,2,4,1,7,0,2026-05-27,500
neg_0027,Punto negativo 0027,-12.082271,-77.058243,negativo_generado,,1,406.4,1.27,2,21,17,40,0,2026-05-26,500
neg_0105,Punto negativo 0105,-12.098151,-77.041127,negativo_generado,,0,9999.0,0.0,3,1,2,6,0,2026-05-26,500
neg_0516,Punto negativo 0516,-12.023563,-76.97948,negativo_generado,,0,9999.0,0.0,0,7,0,7,0,2026-05-27,500
2116516462,Tottus,-12.0792883,-77.0884094,supermarket,San Miguel,1,362.6,1.27,11,6,4,21,1,2026-05-26,500
neg_0122,Punto negativo 0122,-12.105986,-77.034107,negativo_generado,,4,227.3,5.09,7,7,12,26,0,2026-05-26,500
neg_0123,Punto negativo 0123,-12.065648,-77.008105,negativo_generado,,4,260.8,5.09,2,11,5,18,0,2026-05-26,500
neg_0020,Punto negativo 0020,-12.062352,-77.103508,negativo_generado,,2,190.3,2.55,0,7,1,8,0,2026-05-26,500
neg_0069,Punto negativo 0069,-12.074619,-76.999525,negativo_generado,,1,242.5,1.27,1,14,0,15,0,2026-05-26,500
4040883405,Tottus,-12.1555349,-76.9816331,supermarket,San Juan de Miraflores,3,416.2,3.82,5,9,5,19,1,2026-05-26,500
neg_0350,Punto negativo 0350,-12.159593,-77.010217,negativo_generado,,1,68.5,1.27,0,0,0,0,0,2026-05-27,500
246253402,Metro,-11.987843,-77.0632813,supermarket,,3,140.2,3.82,11,19,15,45,1,2026-05-26,500
neg_0567,Punto negativo 0567,-12.06337,-77.119711,negativo_generado,,1,308.4,1.27,2,4,2,8,0,2026-05-27,500
4287014994,Mercado tres regiones,-11.8484528,-77.0937361,supermarket,,0,9999.0,0.0,0,9,1,10,1,2026-05-26,500
289468192,Metro,-12.0752562,-77.0260772,supermarket,La Victoria,1,234.7,1.27,0,9,12,21,1,2026-05-26,500
437656900,Wong,-12.0772399,-76.9176903,supermarket,La Molina,0,9999.0,0.0,3,4,1,8,1,2026-05-26,500
neg_0430,Punto negativo 0430,-12.161019,-77.003607,negativo_generado,,0,9999.0,0.0,0,0,0,0,0,2026-05-27,500
neg_0298,Punto negativo 0298,-12.085613,-77.06176,negativo_generado,,6,234.5,7.64,2,6,12,20,0,2026-05-26,500
neg_0368,Punto negativo 0368,-12.080314,-77.067661,negativo_generado,,6,212.2,7.64,2,8,5,15,0,2026-05-27,500
neg_0451,Punto negativo 0451,-12.064432,-77.086045,negativo_generado,,0,9999.0,0.0,0,6,2,8,0,2026-05-27,500
115750559,Plaza Vea,-11.9911216,-77.0160352,supermarket,,23,172.5,29.28,3,20,18,41,1,2026-05-26,500
neg_0002,Punto negativo 0002,-12.056857,-77.092558,negativo_generado,,0,9999.0,0.0,0,4,0,4,0,2026-05-26,500
neg_0238,Punto negativo 0238,-12.069417,-77.082803,negativo_generado,,0,9999.0,0.0,7,1,2,10,0,2026-05-26,500
2742388361,Plaza Vea,-12.0849172,-76.9756698,supermarket,Santiago de Surco,5,298.0,6.37,13,3,8,24,1,2026-05-26,500
12431485301,mass,-12.0063705,-77.0982528,supermarket,,6,71.5,7.64,1,4,0,5,1,2026-05-26,500
neg_0037,Punto negativo 0037,-12.070362,-77.064031,negativo_generado,,2,323.7,2.55,2,7,6,15,0,2026-05-26,500
441073299,Metro,-12.0588751,-77.0469872,supermarket,,5,291.3,6.37,3,34,1,38,1,2026-05-26,500
neg_0406,Punto negativo 0406,-12.173931,-76.970752,negativo_generado,,1,280.0,1.27,0,14,0,14,0,2026-05-27,500
neg_0540,Punto negativo 0540,-12.148928,-77.006681,negativo_generado,,0,9999.0,0.0,0,14,0,14,0,2026-05-27,500
331336356,Plaza Vea,-12.0698193,-76.9579174,supermarket,,4,33.2,5.09,7,4,10,21,1,2026-05-26,500
11612180669,Dollarcity,-12.1243545,-77.0298181,supermarket,,32,71.6,40.74,25,6,20,51,1,2026-05-26,500
neg_0251,Punto negativo 0251,-12.050174,-77.110878,negativo_generado,,3,282.2,3.82,10,1,6,17,0,2026-05-26,500
289666131,Metro,-12.0842762,-77.0138407,supermarket,La Victoria,2,316.4,2.55,5,6,4,15,1,2026-05-26,500
neg_0016,Punto negativo 0016,-12.15239,-77.005634,negativo_generado,,0,9999.0,0.0,1,1,0,2,0,2026-05-26,500
neg_0373,Punto negativo 0373,-12.055121,-77.123403,negativo_generado,,1,245.7,1.27,1,6,2,9,0,2026-05-27,500
neg_0332,Punto negativo 0332,-12.054858,-77.110704,negativo_generado,,3,314.4,3.82,0,8,2,10,0,2026-05-27,500
neg_0343,Punto negativo 0343,-12.079723,-77.06329,negativo_generado,,5,232.1,6.37,4,15,5,24,0,2026-05-27,500
neg_0311,Punto negativo 0311,-12.097475,-77.041873,negativo_generado,,0,9999.0,0.0,2,1,6,9,0,2026-05-26,500
neg_0409,Punto negativo 0409,-12.052601,-77.121223,negativo_generado,,1,299.3,1.27,2,2,2,6,0,2026-05-27,500
neg_0232,Punto negativo 0232,-12.052176,-77.118587,negativo_generado,,1,353.1,1.27,1,2,2,5,0,2026-05-26,500
neg_0558,Punto negativo 0558,-12.028207,-77.103692,negativo_generado,,0,9999.0,0.0,10,0,2,12,0,2026-05-27,500
4342008391,Vuelve,-12.1401201,-76.9844373,supermarket,,1,478.8,1.27,1,3,6,10,1,2026-05-26,500
neg_0493,Punto negativo 0493,-12.128384,-77.031854,negativo_generado,,15,93.6,19.1,8,3,18,29,0,2026-05-27,500
121371358,Plaza Vea,-11.99459,-77.0722545,supermarket,Los Olivos,4,88.5,5.09,3,30,14,47,1,2026-05-26,500
neg_0359,Punto negativo 0359,-12.158034,-77.006811,negativo_generado,,1,358.9,1.27,0,0,0,0,0,2026-05-27,500
259642664,Metro,-12.1464879,-77.0220082,supermarket,Barranco,4,61.8,5.09,5,15,5,25,1,2026-05-26,500
2663483707,Tottus Express,-12.1295635,-77.0223023,supermarket,Lima,2,233.8,2.55,4,6,12,22,1,2026-05-26,500
neg_0226,Punto negativo 0226,-12.019733,-76.973085,negativo_generado,,1,468.1,1.27,0,4,1,5,0,2026-05-26,500
4346194277,Flora & Fauna,-12.1109228,-77.0478345,supermarket,,7,250.7,8.91,2,2,2,6,1,2026-05-26,500
neg_0546,Punto negativo 0546,-12.182135,-76.974143,negativo_generado,,2,379.5,2.55,0,1,8,9,0,2026-05-27,500
neg_0438,Punto negativo 0438,-12.170898,-76.97016,negativo_generado,,2,419.0,2.55,0,19,0,19,0,2026-05-27,500
neg_0230,Punto negativo 0230,-12.016141,-76.984461,negativo_generado,,0,9999.0,0.0,0,15,0,15,0,2026-05-26,500
neg_0312,Punto negativo 0312,-12.083945,-77.089413,negativo_generado,,2,39.8,2.55,0,13,0,13,0,2026-05-26,500
neg_0195,Punto negativo 0195,-12.093824,-77.037815,negativo_generado,,4,326.9,5.09,7,5,15,27,0,2026-05-26,500
1348765046,Mass La Perla,-12.06936,-77.1249318,supermarket,,4,52.7,5.09,0,8,0,8,1,2026-05-26,500
neg_0316,Punto negativo 0316,-12.052637,-77.112908,negativo_generado,,3,378.4,3.82,2,5,5,12,0,2026-05-26,500
435840718,Comercial Faucett,-12.0721809,-77.0985854,supermarket,,1,473.7,1.27,3,10,9,22,1,2026-05-26,500
4041028591,Metro,-12.1735816,-77.0126796,supermarket,,1,460.3,1.27,3,4,2,9,1,2026-05-26,500
neg_0390,Punto negativo 0390,-12.074218,-77.008006,negativo_generado,,2,251.9,2.55,1,17,2,20,0,2026-05-27,500
neg_0152,Punto negativo 0152,-12.096731,-77.039901,negativo_generado,,0,9999.0,0.0,4,1,8,13,0,2026-05-26,500
neg_0079,Punto negativo 0079,-12.07284,-76.997639,negativo_generado,,0,9999.0,0.0,3,12,1,16,0,2026-05-26,500
436271140,Tottus,-12.0960186,-77.0254751,supermarket,San Isidro,8,157.5,10.19,25,2,10,37,1,2026-05-26,500
4234581590,Product baratos,-12.0494744,-77.0239183,supermarket,,3,20.0,3.82,10,12,15,37,1,2026-05-26,500
neg_0541,Punto negativo 0541,-12.058929,-77.119522,negativo_generado,,1,379.7,1.27,0,4,0,4,0,2026-05-27,500
neg_0089,Punto negativo 0089,-12.057911,-77.117004,negativo_generado,,2,83.5,2.55,1,3,4,8,0,2026-05-26,500
neg_0184,Punto negativo 0184,-12.08286,-77.093588,negativo_generado,,2,261.0,2.55,2,10,0,12,0,2026-05-26,500
neg_0543,Punto negativo 0543,-12.057381,-77.124309,negativo_generado,,2,307.0,2.55,1,5,0,6,0,2026-05-27,500
neg_0445,Punto negativo 0445,-12.028618,-76.981435,negativo_generado,,0,9999.0,0.0,0,2,0,2,0,2026-05-27,500
neg_0345,Punto negativo 0345,-12.073027,-77.05506,negativo_generado,,5,250.0,6.37,5,11,9,25,0,2026-05-27,500
343484613,Supermercado Candy,-12.0221545,-76.9634228,supermarket,,0,9999.0,0.0,0,7,0,7,1,2026-05-26,500
neg_0447,Punto negativo 0447,-12.08444,-77.060593,negativo_generado,,3,363.8,3.82,2,13,14,29,0,2026-05-27,500
neg_0456,Punto negativo 0456,-12.071222,-77.010879,negativo_generado,,6,205.5,7.64,2,15,3,20,0,2026-05-27,500
neg_0218,Punto negativo 0218,-11.983899,-77.05779,negativo_generado,,1,189.4,1.27,0,23,22,45,0,2026-05-26,500
neg_0545,Punto negativo 0545,-11.992237,-77.059364,negativo_generado,,8,158.1,10.19,19,6,17,42,0,2026-05-27,500
neg_0431,Punto negativo 0431,-12.082596,-77.087914,negativo_generado,,3,259.0,3.82,3,10,2,15,0,2026-05-27,500
neg_0544,Punto negativo 0544,-12.177878,-76.975617,negativo_generado,,0,9999.0,0.0,0,3,2,5,0,2026-05-27,500
183758791,Tottus Tusilagos,-12.0134586,-77.0053935,supermarket,,2,260.1,2.55,0,23,11,34,1,2026-05-26,500
neg_0388,Punto negativo 0388,-12.060515,-77.092999,negativo_generado,,1,460.5,1.27,1,4,0,5,0,2026-05-27,500
74849572,Mercado de Reynoso,-12.0421164,-77.0963974,supermarket,,25,29.6,31.83,0,14,6,20,1,2026-05-26,500
neg_0457,Punto negativo 0457,-12.080171,-77.067231,negativo_generado,,6,200.7,7.64,2,11,5,18,0,2026-05-27,500
neg_0338,Punto negativo 0338,-12.057064,-77.122748,negativo_generado,,2,465.5,2.55,1,6,0,7,0,2026-05-27,500
neg_0492,Punto negativo 0492,-12.025247,-77.093504,negativo_generado,,1,270.1,1.27,0,9,0,9,0,2026-05-27,500
11390927530,Plaza Vea,-12.0160638,-76.9993577,supermarket,,1,493.3,1.27,0,11,13,24,1,2026-05-26,500
435842548,Plaza Vea,-12.051857,-77.0924787,supermarket,Callao,0,9999.0,0.0,2,4,3,9,1,2026-05-26,500
neg_0313,Punto negativo 0313,-12.077651,-77.009931,negativo_generado,,1,471.1,1.27,1,6,2,9,0,2026-05-26,500
7668112700,Franco Supermercado,-12.1205839,-76.9776401,supermarket,Lima,1,495.5,1.27,1,6,3,10,1,2026-05-26,500
neg_0136,Punto negativo 0136,-11.998178,-77.062047,negativo_generado,,1,465.1,1.27,8,12,10,30,0,2026-05-26,500
neg_0134,Punto negativo 0134,-12.040187,-77.098483,negativo_generado,,14,29.1,17.83,0,13,7,20,0,2026-05-26,500
11975962201,Holi Supermercado,-12.1396887,-77.0227593,supermarket,Barranco,5,234.0,6.37,0,12,10,22,1,2026-05-26,500
4358189176,Mass,-12.1669358,-76.9904253,supermarket,,3,160.6,3.82,1,4,7,12,1,2026-05-26,500
68674791,Plaza Vea,-11.9890217,-77.0628231,supermarket,,4,140.2,5.09,12,17,15,44,1,2026-05-26,500
neg_0118,Punto negativo 0118,-12.029709,-77.09212,negativo_generado,,1,290.8,1.27,1,14,0,15,0,2026-05-26,500
neg_0524,Punto negativo 0524,-12.1813,-76.960798,negativo_generado,,1,365.2,1.27,1,10,1,12,0,2026-05-27,500
401472083,Plaza Vea Circunvalación,-12.0803471,-76.9860001,supermarket,Ate,1,298.2,1.27,1,13,4,18,1,2026-05-26,500
neg_0440,Punto negativo 0440,-12.057669,-77.121885,negativo_generado,,0,9999.0,0.0,1,4,0,5,0,2026-05-27,500
neg_0375,Punto negativo 0375,-12.186591,-76.97562,negativo_generado,,4,168.4,5.09,0,12,6,18,0,2026-05-27,500
1917982797,Metro,-12.0062986,-77.0600749,supermarket,,3,97.7,3.82,16,10,47,73,1,2026-05-26,500
neg_0412,Punto negativo 0412,-12.058253,-77.108566,negativo_generado,,2,289.3,2.55,0,7,0,7,0,2026-05-27,500
4234558792,MERCADO,-11.9648284,-77.0608908,supermarket,,1,165.0,1.27,0,0,0,0,1,2026-05-26,500
neg_0167,Punto negativo 0167,-12.07796,-77.057203,negativo_generado,,2,253.2,2.55,0,19,11,30,0,2026-05-26,500
439626261,Ojeda Market,-12.1066697,-76.9583045,supermarket,,0,9999.0,0.0,0,2,0,2,1,2026-05-26,500
neg_0018,Punto negativo 0018,-12.079488,-77.065265,negativo_generado,,7,268.6,8.91,4,14,5,23,0,2026-05-26,500
neg_0522,Punto negativo 0522,-12.173319,-76.970469,negativo_generado,,1,334.5,1.27,0,15,0,15,0,2026-05-27,500
neg_0286,Punto negativo 0286,-12.056941,-77.096874,negativo_generado,,2,62.8,2.55,5,4,1,10,0,2026-05-26,500
neg_0330,Punto negativo 0330,-12.064297,-77.090196,negativo_generado,,0,9999.0,0.0,1,6,0,7,0,2026-05-26,500
neg_0364,Punto negativo 0364,-12.073318,-77.089248,negativo_generado,,1,308.3,1.27,4,5,0,9,0,2026-05-27,500
484095174,Plaza Vea,-11.9401841,-76.6996612,supermarket,Chosica,2,436.6,2.55,2,15,1,18,1,2026-05-26,500
neg_0012,Punto negativo 0012,-12.162206,-77.013894,negativo_generado,,0,9999.0,0.0,0,0,0,0,0,2026-05-26,500
neg_0129,Punto negativo 0129,-12.10953,-77.040086,negativo_generado,,4,245.6,5.09,9,6,1,16,0,2026-05-26,500
68336308,Metro La Hacienda,-12.0065516,-77.0039277,supermarket,San Juan de Lurigancho,0,9999.0,0.0,4,19,11,34,1,2026-05-26,500
neg_0408,Punto negativo 0408,-12.176479,-76.969148,negativo_generado,,2,67.3,2.55,0,7,0,7,0,2026-05-27,500
neg_0475,Punto negativo 0475,-12.023488,-77.097783,negativo_generado,,3,341.6,3.82,1,8,0,9,0,2026-05-27,500
neg_0265,Punto negativo 0265,-12.112571,-77.039975,negativo_generado,,3,302.3,3.82,2,7,0,9,0,2026-05-26,500
neg_0203,Punto negativo 0203,-12.068578,-77.059753,negativo_generado,,0,9999.0,0.0,1,12,3,16,0,2026-05-26,500
13567058066,Bodega Rubens,-12.1047481,-76.9938969,supermarket,,1,66.4,1.27,2,6,4,12,1,2026-05-26,500
13430615118,Villa Sol Market,-11.9764612,-76.7725004,supermarket,,7,49.7,8.91,3,8,0,11,1,2026-05-26,500
neg_0340,Punto negativo 0340,-12.063574,-77.092525,negativo_generado,,1,426.9,1.27,2,7,1,10,0,2026-05-27,500
neg_0512,Punto negativo 0512,-12.060072,-77.096473,negativo_generado,,2,302.1,2.55,3,2,2,7,0,2026-05-27,500
neg_0355,Punto negativo 0355,-12.071645,-77.088473,negativo_generado,,1,496.7,1.27,1,2,0,3,0,2026-05-27,500
neg_0063,Punto negativo 0063,-12.068386,-77.002461,negativo_generado,,2,378.5,2.55,2,7,0,9,0,2026-05-26,500
neg_0178,Punto negativo 0178,-12.110025,-77.042046,negativo_generado,,1,420.5,1.27,5,2,0,7,0,2026-05-26,500
neg_0040,Punto negativo 0040,-11.980084,-77.062309,negativo_generado,,2,460.1,2.55,0,6,25,31,0,2026-05-26,500
297217134,Wong,-12.0601336,-76.9634293,supermarket,,1,286.1,1.27,0,2,0,2,1,2026-05-26,500
12063978910,Ecovive,-12.1376208,-77.022362,supermarket,,3,106.4,3.82,0,10,14,24,1,2026-05-26,500
neg_0446,Punto negativo 0446,-12.073613,-77.059725,negativo_generado,,1,78.8,1.27,2,8,4,14,0,2026-05-27,500
neg_0323,Punto negativo 0323,-12.02232,-77.09633,negativo_generado,,2,334.4,2.55,0,8,0,8,0,2026-05-26,500
13320404729,Tu Bazar Tienda Cuartel General,-12.0994173,-76.9854866,supermarket,Lima,1,486.5,1.27,1,1,0,2,1,2026-05-26,500
neg_0535,Punto negativo 0535,-12.083145,-77.086075,negativo_generado,,4,361.0,5.09,1,11,0,12,0,2026-05-27,500
358983535,Plaza Vea,-12.1427214,-77.0029114,supermarket,Santiago de Surco,4,125.9,5.09,8,18,0,26,1,2026-05-26,500
neg_0324,Punto negativo 0324,-12.034268,-77.097595,negativo_generado,,0,9999.0,0.0,1,6,4,11,0,2026-05-26,500
1245631253,Tambo,-12.1388692,-77.0176086,supermarket,"Barranco, Lima",3,255.3,3.82,0,9,12,21,1,2026-05-26,500
neg_0008,Punto negativo 0008,-12.070816,-77.0018,negativo_generado,,0,9999.0,0.0,3,5,0,8,0,2026-05-26,500
neg_0115,Punto negativo 0115,-12.026678,-76.985741,negativo_generado,,0,9999.0,0.0,0,14,0,14,0,2026-05-26,500
11991138943,Sin nombre,-12.021665,-77.0786876,supermarket,,0,9999.0,0.0,0,13,4,17,1,2026-05-26,500
291982777,Wong Óvalo Gutierrez,-12.1101367,-77.0361804,supermarket,San Isidro,3,120.1,3.82,6,6,1,13,1,2026-05-26,500
388705748,Tottus,-11.9983865,-77.113282,supermarket,,15,162.2,19.1,4,5,2,11,1,2026-05-26,500
neg_0153,Punto negativo 0153,-12.108418,-77.043694,negativo_generado,,1,504.2,1.27,3,2,2,7,0,2026-05-26,500
437670258,Wong,-12.0856626,-76.9022084,supermarket,,0,9999.0,0.0,0,3,4,7,1,2026-05-26,500
neg_0130,Punto negativo 0130,-12.074393,-77.060065,negativo_generado,,3,25.3,3.82,3,10,5,18,0,2026-05-26,500
neg_0474,Punto negativo 0474,-12.106148,-77.032406,negativo_generado,,4,50.6,5.09,3,8,13,24,0,2026-05-27,500
12434555606,Mass,-12.0405812,-77.0940902,supermarket,,38,14.0,48.38,1,17,2,20,1,2026-05-26,500
neg_0352,Punto negativo 0352,-12.101505,-77.040453,negativo_generado,,2,360.7,2.55,3,1,2,6,0,2026-05-27,500
neg_0117,Punto negativo 0117,-12.057139,-77.123374,negativo_generado,,2,403.7,2.55,1,6,0,7,0,2026-05-26,500
neg_0392,Punto negativo 0392,-12.087562,-77.073525,negativo_generado,,11,128.1,14.01,4,8,0,12,0,2026-05-27,500
neg_0381,Punto negativo 0381,-12.01522,-76.984942,negativo_generado,,0,9999.0,0.0,0,17,0,17,0,2026-05-27,500
neg_0496,Punto negativo 0496,-12.014121,-76.986178,negativo_generado,,0,9999.0,0.0,0,12,0,12,0,2026-05-27,500
415607423,Metro,-12.1411533,-77.0173717,supermarket,Barranco,4,112.2,5.09,1,17,10,28,1,2026-05-26,500
neg_0356,Punto negativo 0356,-12.072454,-77.005289,negativo_generado,,2,458.5,2.55,1,16,0,17,0,2026-05-27,500
neg_0498,Punto negativo 0498,-12.068889,-77.005074,negativo_generado,,5,272.0,6.37,2,11,0,13,0,2026-05-27,500
neg_0366,Punto negativo 0366,-12.0788,-77.058155,negativo_generado,,1,289.2,1.27,0,21,13,34,0,2026-05-27,500
neg_0501,Punto negativo 0501,-12.059414,-77.090184,negativo_generado,,0,9999.0,0.0,1,3,0,4,0,2026-05-27,500
neg_0339,Punto negativo 0339,-12.146996,-77.004938,negativo_generado,,2,240.4,2.55,6,17,0,23,0,2026-05-27,500
neg_0437,Punto negativo 0437,-12.086352,-77.060096,negativo_generado,,6,223.3,7.64,2,6,14,22,0,2026-05-27,500
neg_0374,Punto negativo 0374,-12.059795,-77.117808,negativo_generado,,1,289.5,1.27,1,5,3,9,0,2026-05-27,500
neg_0101,Punto negativo 0101,-12.102554,-77.031875,negativo_generado,,5,109.0,6.37,5,12,15,32,0,2026-05-26,500
neg_0547,Punto negativo 0547,-12.096469,-77.066704,negativo_generado,,10,98.4,12.73,2,7,5,14,0,2026-05-27,500
neg_0224,Punto negativo 0224,-12.085557,-77.086814,negativo_generado,,3,359.7,3.82,0,13,0,13,0,2026-05-26,500
582266642,Ebony,-12.0983768,-77.0108298,supermarket,San Borja,1,66.9,1.27,4,2,5,11,1,2026-05-26,500
neg_0422,Punto negativo 0422,-12.1813,-76.968206,negativo_generado,,1,243.6,1.27,0,4,0,4,0,2026-05-27,500
neg_0156,Punto negativo 0156,-12.084673,-77.068293,negativo_generado,,5,29.8,6.37,0,11,5,16,0,2026-05-26,500
neg_0211,Punto negativo 0211,-12.127048,-77.013424,negativo_generado,,0,9999.0,0.0,3,11,1,15,0,2026-05-26,500
11461360869,Mercado 15 de Junio,-11.9203223,-77.0871493,supermarket,,4,42.1,5.09,1,11,0,12,1,2026-05-26,500
436313864,Vivanda,-12.0932127,-77.0579121,supermarket,Magdalena del Mar,3,405.6,3.82,4,8,10,22,1,2026-05-26,500
neg_0461,Punto negativo 0461,-12.065126,-77.113265,negativo_generado,,0,9999.0,0.0,0,2,3,5,0,2026-05-27,500
neg_0322,Punto negativo 0322,-12.054678,-77.12075,negativo_generado,,1,395.9,1.27,1,2,0,3,0,2026-05-26,500
neg_0088,Punto negativo 0088,-12.051612,-77.102846,negativo_generado,,2,44.7,2.55,2,2,0,4,0,2026-05-26,500
neg_0556,Punto negativo 0556,-12.088788,-77.08325,negativo_generado,,10,140.2,12.73,0,15,1,16,0,2026-05-27,500
436322004,Market Dina,-11.8817837,-77.1268352,supermarket,,2,290.2,2.55,0,2,8,10,1,2026-05-26,500
neg_0393,Punto negativo 0393,-12.052667,-77.124038,negativo_generado,,1,35.8,1.27,1,4,2,7,0,2026-05-27,500
neg_0032,Punto negativo 0032,-12.051129,-77.110835,negativo_generado,,3,277.2,3.82,9,2,5,16,0,2026-05-26,500
neg_0363,Punto negativo 0363,-12.080827,-77.080655,negativo_generado,,6,264.4,7.64,6,10,11,27,0,2026-05-27,500
neg_0125,Punto negativo 0125,-12.059642,-77.12181,negativo_generado,,1,354.6,1.27,0,5,0,5,0,2026-05-26,500
neg_0552,Punto negativo 0552,-11.996929,-77.052869,negativo_generado,,2,272.1,2.55,0,17,7,24,0,2026-05-27,500
neg_0073,Punto negativo 0073,-12.12667,-77.016259,negativo_generado,,2,388.0,2.55,7,9,1,17,0,2026-05-26,500
451616646,Mass,-12.1594492,-76.9559096,supermarket,,1,391.5,1.27,1,17,7,25,1,2026-05-26,500
neg_0342,Punto negativo 0342,-12.073433,-76.996123,negativo_generado,,0,9999.0,0.0,2,14,1,17,0,2026-05-27,500
neg_0347,Punto negativo 0347,-12.184088,-76.979054,negativo_generado,,2,287.4,2.55,0,11,8,19,0,2026-05-27,500
1346231050,Mass,-12.1180698,-77.0438885,supermarket,,5,179.3,6.37,0,6,6,12,1,2026-05-26,500
neg_0091,Punto negativo 0091,-12.059538,-77.085655,negativo_generado,,0,9999.0,0.0,0,3,4,7,0,2026-05-26,500
neg_0099,Punto negativo 0099,-12.125456,-77.010349,negativo_generado,,1,434.8,1.27,4,8,1,13,0,2026-05-26,500
435563995,Elektra,-12.0548091,-77.049701,supermarket,Lima,3,152.1,3.82,5,32,0,37,1,2026-05-26,500
neg_0530,Punto negativo 0530,-12.08743,-77.085423,negativo_generado,,5,326.1,6.37,0,17,0,17,0,2026-05-27,500
neg_0418,Punto negativo 0418,-12.086659,-77.05845,negativo_generado,,7,292.4,8.91,5,11,14,30,0,2026-05-27,500
neg_0187,Punto negativo 0187,-12.094931,-77.041576,negativo_generado,,2,315.6,2.55,1,3,14,18,0,2026-05-26,500
neg_0062,Punto negativo 0062,-12.126976,-77.031464,negativo_generado,,19,68.9,24.19,19,5,18,42,0,2026-05-26,500
neg_0220,Punto negativo 0220,-12.117488,-77.041862,negativo_generado,,5,228.0,6.37,0,9,4,13,0,2026-05-26,500
neg_0354,Punto negativo 0354,-12.058744,-77.112494,negativo_generado,,2,361.4,2.55,1,7,3,11,0,2026-05-27,500
neg_0561,Punto negativo 0561,-12.128515,-77.025547,negativo_generado,,9,202.7,11.46,10,6,17,33,0,2026-05-27,500
neg_0510,Punto negativo 0510,-12.070743,-77.081407,negativo_generado,,0,9999.0,0.0,9,2,9,20,0,2026-05-27,500
neg_0489,Punto negativo 0489,-11.997766,-77.064608,negativo_generado,,0,9999.0,0.0,9,16,9,34,0,2026-05-27,500
neg_0334,Punto negativo 0334,-12.146399,-77.005719,negativo_generado,,3,243.7,3.82,8,17,0,25,0,2026-05-27,500
neg_0448,Punto negativo 0448,-12.148583,-77.003155,negativo_generado,,1,400.0,1.27,2,11,0,13,0,2026-05-27,500
neg_0360,Punto negativo 0360,-11.988788,-77.067999,negativo_generado,,4,428.5,5.09,3,21,22,46,0,2026-05-27,500
neg_0482,Punto negativo 0482,-12.079351,-77.095909,negativo_generado,,1,379.6,1.27,5,9,5,19,0,2026-05-27,500
neg_0271,Punto negativo 0271,-12.07024,-77.054787,negativo_generado,,2,238.5,2.55,1,13,4,18,0,2026-05-26,500
neg_0534,Punto negativo 0534,-12.112552,-77.042133,negativo_generado,,4,353.7,5.09,0,4,0,4,0,2026-05-27,500
neg_0292,Punto negativo 0292,-12.060084,-77.09188,negativo_generado,,0,9999.0,0.0,1,4,0,5,0,2026-05-26,500
6217133585,Mercado San jose(cevicheria andrea),-12.074458,-77.0492501,supermarket,,13,167.1,16.55,18,14,9,41,1,2026-05-26,500
437490946,Holi,-12.11019,-76.9842923,supermarket,San Borja,1,274.7,1.27,1,5,1,7,1,2026-05-26,500
129898310,Metro,-12.0892296,-77.0578826,supermarket,Jesús María,7,104.3,8.91,7,7,8,22,1,2026-05-26,500
neg_0239,Punto negativo 0239,-12.134248,-77.013015,negativo_generado,,2,325.0,2.55,0,1,0,1,0,2026-05-26,500
4182111589,Plaza Vea,-12.0895002,-77.0752343,supermarket,Magdalena del Mar,18,126.4,22.92,6,13,2,21,1,2026-05-26,500
neg_0255,Punto negativo 0255,-12.03628,-77.103117,negativo_generado,,0,9999.0,0.0,0,0,4,4,0,2026-05-26,500
249992830,Metro Pedro Miota,-12.1679986,-76.9783649,supermarket,San Juan de Miraflores,3,142.0,3.82,0,11,4,15,1,2026-05-26,500
neg_0369,Punto negativo 0369,-12.150446,-77.009464,negativo_generado,,0,9999.0,0.0,0,7,0,7,0,2026-05-27,500
neg_0450,Punto negativo 0450,-12.117934,-77.03397,negativo_generado,,15,196.9,19.1,8,10,8,26,0,2026-05-27,500
neg_0442,Punto negativo 0442,-12.058088,-77.096718,negativo_generado,,2,86.3,2.55,3,4,0,7,0,2026-05-27,500
neg_0523,Punto negativo 0523,-12.017689,-76.981973,negativo_generado,,0,9999.0,0.0,0,10,0,10,0,2026-05-27,500
6725566998,MaxiAhorro Canto Grande,-11.9786248,-77.0107975,supermarket,San Juan de Lurigancho,9,44.6,11.46,2,17,19,38,1,2026-05-26,500
neg_0278,Punto negativo 0278,-12.080846,-77.067701,negativo_generado,,6,217.8,7.64,0,8,5,13,0,2026-05-26,500
437322588,Tottus Chorrillos,-12.1760622,-77.0182793,supermarket,,1,136.1,1.27,1,5,4,10,1,2026-05-26,500
neg_0289,Punto negativo 0289,-12.088543,-77.039572,negativo_generado,,4,268.7,5.09,5,7,3,15,0,2026-05-26,500
neg_0405,Punto negativo 0405,-12.073687,-77.008184,negativo_generado,,2,195.8,2.55,1,14,3,18,0,2026-05-27,500
neg_0175,Punto negativo 0175,-12.061035,-77.087944,negativo_generado,,0,9999.0,0.0,0,5,2,7,0,2026-05-26,500
neg_0268,Punto negativo 0268,-12.059804,-77.106169,negativo_generado,,3,127.6,3.82,0,2,0,2,0,2026-05-26,500
neg_0467,Punto negativo 0467,-12.055433,-77.125225,negativo_generado,,2,306.4,2.55,1,8,2,11,0,2026-05-27,500
400456676,Metro,-12.1521546,-76.9774727,supermarket,San Juan de Miraflores,2,354.5,2.55,0,22,5,27,1,2026-05-26,500
neg_0107,Punto negativo 0107,-12.034381,-77.109117,negativo_generado,,0,9999.0,0.0,0,0,10,10,0,2026-05-26,500
neg_0112,Punto negativo 0112,-12.061762,-77.119346,negativo_generado,,1,358.4,1.27,1,4,2,7,0,2026-05-26,500
neg_0443,Punto negativo 0443,-12.165435,-77.007783,negativo_generado,,0,9999.0,0.0,0,0,0,0,0,2026-05-27,500
413025655,Metro,-12.0738546,-77.0508202,supermarket,Jesús María,10,183.4,12.73,15,15,9,39,1,2026-05-26,500
1705270783,Mercado Bolivar,-12.0728734,-77.0655359,supermarket,,4,355.5,5.09,6,5,7,18,1,2026-05-26,500
neg_0357,Punto negativo 0357,-12.051469,-77.113564,negativo_generado,,3,253.0,3.82,8,1,4,13,0,2026-05-27,500
neg_0483,Punto negativo 0483,-12.174159,-76.961889,negativo_generado,,0,9999.0,0.0,1,13,2,16,0,2026-05-27,500
neg_0327,Punto negativo 0327,-12.128622,-77.013589,negativo_generado,,1,470.9,1.27,3,9,1,13,0,2026-05-26,500
neg_0261,Punto negativo 0261,-12.133638,-77.027627,negativo_generado,,3,170.7,3.82,1,0,14,15,0,2026-05-26,500
neg_0398,Punto negativo 0398,-12.059469,-77.099138,negativo_generado,,3,312.7,3.82,5,1,2,8,0,2026-05-27,500
6854297586,Mercado Caramelo,-11.9757947,-77.1093103,supermarket,,1,379.6,1.27,1,6,1,8,1,2026-05-26,500
neg_0288,Punto negativo 0288,-12.151019,-77.008371,negativo_generado,,0,9999.0,0.0,0,5,0,5,0,2026-05-26,500
neg_0121,Punto negativo 0121,-12.176153,-76.968715,negativo_generado,,2,109.1,2.55,0,8,0,8,0,2026-05-26,500
neg_0217,Punto negativo 0217,-12.092867,-77.078122,negativo_generado,,19,143.0,24.19,0,13,3,16,0,2026-05-26,500
4344769629,Metro,-12.0817726,-77.0357032,supermarket,Lince,7,76.0,8.91,17,30,18,65,1,2026-05-26,500
4102715294,Tottus,-12.097334,-76.9947601,supermarket,San Borja,1,468.2,1.27,3,4,6,13,1,2026-05-26,500
384030319,Plaza Vea,-12.0547316,-76.9627082,supermarket,,2,257.6,2.55,16,10,2,28,1,2026-05-26,500
12590374359,Campos de vida,-12.0936741,-77.0736688,supermarket,,31,88.9,39.47,10,11,8,29,1,2026-05-26,500
4042592134,Metro,-12.1102677,-77.0021214,supermarket,,6,222.3,7.64,4,6,10,20,1,2026-05-26,500
neg_0469,Punto negativo 0469,-12.184581,-76.969963,negativo_generado,,0,9999.0,0.0,0,0,0,0,0,2026-05-27,500
436297821,Plaza Vea,-12.0685483,-77.1205198,supermarket,La Perla,2,175.0,2.55,2,7,2,11,1,2026-05-26,500
neg_0204,Punto negativo 0204,-12.115589,-77.042701,negativo_generado,,7,144.9,8.91,0,7,6,13,0,2026-05-26,500
neg_0093,Punto negativo 0093,-12.018422,-76.970776,negativo_generado,,0,9999.0,0.0,0,4,0,4,0,2026-05-26,500
neg_0003,Punto negativo 0003,-12.07866,-77.06425,negativo_generado,,5,171.3,6.37,4,15,1,20,0,2026-05-26,500
neg_0133,Punto negativo 0133,-12.083794,-77.07937,negativo_generado,,3,51.9,3.82,1,10,0,11,0,2026-05-26,500
neg_0389,Punto negativo 0389,-12.048572,-77.092865,negativo_generado,,1,367.7,1.27,2,1,1,4,0,2026-05-27,500
neg_0106,Punto negativo 0106,-12.112364,-77.049202,negativo_generado,,8,80.9,10.19,2,1,4,7,0,2026-05-26,500
neg_0307,Punto negativo 0307,-12.064972,-77.113836,negativo_generado,,0,9999.0,0.0,0,4,2,6,0,2026-05-26,500
neg_0213,Punto negativo 0213,-11.993918,-77.053059,negativo_generado,,3,284.4,3.82,0,21,5,26,0,2026-05-26,500
12852199489,Tambo+,-12.1164929,-77.0366847,supermarket,,4,422.2,5.09,4,11,4,19,1,2026-05-26,500
4548634811,Plaza Vea,-12.180381,-76.9428299,supermarket,,3,133.4,3.82,0,13,9,22,1,2026-05-26,500
neg_0186,Punto negativo 0186,-12.121249,-77.018418,negativo_generado,,4,201.5,5.09,1,5,1,7,0,2026-05-26,500
neg_0362,Punto negativo 0362,-12.031772,-77.091686,negativo_generado,,1,510.8,1.27,1,18,0,19,0,2026-05-27,500
12432056601,mass,-12.0092965,-77.0978885,supermarket,,6,327.8,7.64,1,5,0,6,1,2026-05-26,500
neg_0551,Punto negativo 0551,-12.076246,-77.097702,negativo_generado,,1,462.1,1.27,3,9,8,20,0,2026-05-27,500
neg_0235,Punto negativo 0235,-12.035871,-77.094779,negativo_generado,,12,284.8,15.28,0,14,3,17,0,2026-05-26,500
4551288089,Tottus,-12.082664,-76.9289632,supermarket,La Molina,1,150.6,1.27,6,4,8,18,1,2026-05-26,500
2642867143,Minimarket Urcosol,-12.0720488,-77.0686946,supermarket,,3,81.3,3.82,0,7,4,11,1,2026-05-26,500
116933482,Metro,-11.9756378,-77.0022103,supermarket,San Juan de Lurigancho,7,95.6,8.91,1,18,15,34,1,2026-05-26,500
4316241189,Mercado Las Poncianas,-11.9824347,-77.1014879,supermarket,,1,402.6,1.27,0,2,4,6,1,2026-05-26,500
neg_0207,Punto negativo 0207,-11.990703,-77.067367,negativo_generado,,6,434.5,7.64,9,23,22,54,0,2026-05-26,500
neg_0094,Punto negativo 0094,-12.185388,-76.962379,negativo_generado,,2,207.9,2.55,0,10,0,10,0,2026-05-26,500
298244352,Plaza Vea,-12.059987,-77.1314231,supermarket,Bellavista,0,9999.0,0.0,3,14,0,17,1,2026-05-26,500
412300802,Metro,-12.0642441,-77.0287482,supermarket,,5,60.9,6.37,7,9,14,30,1,2026-05-26,500
4355537689,Mass,-12.1591547,-76.9885686,supermarket,,1,53.5,1.27,1,7,7,15,1,2026-05-26,500
neg_0052,Punto negativo 0052,-12.177801,-76.967274,negativo_generado,,2,262.3,2.55,1,11,0,12,0,2026-05-26,500
neg_0463,Punto negativo 0463,-12.0265,-77.096152,negativo_generado,,2,288.2,2.55,1,5,0,6,0,2026-05-27,500
neg_0434,Punto negativo 0434,-12.097607,-77.032371,negativo_generado,,3,72.0,3.82,5,9,17,31,0,2026-05-27,500
neg_0439,Punto negativo 0439,-12.079045,-77.012288,negativo_generado,,0,9999.0,0.0,2,5,2,9,0,2026-05-27,500
neg_0010,Punto negativo 0010,-12.121942,-77.034929,negativo_generado,,15,197.3,19.1,9,9,12,30,0,2026-05-26,500
neg_0416,Punto negativo 0416,-12.02604,-76.9732,negativo_generado,,1,233.5,1.27,0,5,2,7,0,2026-05-27,500
439396336,Plaza Vea,-12.0652117,-77.0037182,supermarket,Lima,2,233.5,2.55,0,12,2,14,1,2026-05-26,500
neg_0441,Punto negativo 0441,-12.088401,-77.037453,negativo_generado,,7,294.2,8.91,7,11,17,35,0,2026-05-27,500
neg_0176,Punto negativo 0176,-12.024625,-76.981651,negativo_generado,,0,9999.0,0.0,0,9,0,9,0,2026-05-26,500
neg_0170,Punto negativo 0170,-12.135232,-77.011606,negativo_generado,,0,9999.0,0.0,1,1,0,2,0,2026-05-26,500
neg_0570,Punto negativo 0570,-11.993776,-77.057491,negativo_generado,,4,277.8,5.09,8,9,8,25,0,2026-05-27,500
601144368,Metro,-12.0817207,-77.0356829,supermarket,,7,81.3,8.91,17,30,18,65,1,2026-05-26,500
384391183,Metro Minka,-12.0468861,-77.1125017,supermarket,,1,304.2,1.27,10,3,6,19,1,2026-05-26,500
183627199,Tottus,-12.0239403,-76.9732394,supermarket,,0,9999.0,0.0,0,6,2,8,1,2026-05-26,500
neg_0270,Punto negativo 0270,-12.072988,-77.010803,negativo_generado,,3,151.5,3.82,1,14,3,18,0,2026-05-26,500
neg_0444,Punto negativo 0444,-12.116626,-77.039955,negativo_generado,,4,355.8,5.09,0,8,6,14,0,2026-05-27,500
neg_0116,Punto negativo 0116,-12.186421,-76.966084,negativo_generado,,0,9999.0,0.0,0,3,0,3,0,2026-05-26,500
neg_0417,Punto negativo 0417,-12.127362,-77.028105,negativo_generado,,23,60.6,29.28,15,8,22,45,0,2026-05-27,500
neg_0191,Punto negativo 0191,-11.997007,-77.065652,negativo_generado,,1,387.2,1.27,11,17,9,37,0,2026-05-26,500
neg_0486,Punto negativo 0486,-12.115299,-77.04862,negativo_generado,,9,162.8,11.46,2,2,6,10,0,2026-05-27,500
9757207617,Plaza Vea,-12.0488773,-77.0393339,supermarket,,7,85.6,8.91,8,22,22,52,1,2026-05-26,500
neg_0280,Punto negativo 0280,-12.01708,-76.97733,negativo_generado,,0,9999.0,0.0,0,1,0,1,0,2026-05-26,500
neg_0104,Punto negativo 0104,-12.080563,-77.010559,negativo_generado,,5,259.4,6.37,2,7,1,10,0,2026-05-26,500
1107564688,Plaza Vea Mangoamrca,-12.0220304,-76.9969498,supermarket,,1,175.2,1.27,2,10,0,12,1,2026-05-26,500
neg_0518,Punto negativo 0518,-12.057452,-77.116478,negativo_generado,,2,31.9,2.55,1,5,5,11,0,2026-05-27,500
neg_0276,Punto negativo 0276,-12.096728,-77.079588,negativo_generado,,0,9999.0,0.0,0,3,2,5,0,2026-05-26,500
5866427566,Santa Natura,-12.0066257,-77.0592413,supermarket,Independencia,3,97.7,3.82,17,10,66,93,1,2026-05-26,500
397559271,Plaza Vea,-12.097501,-77.0263034,supermarket,San Isidro,6,187.8,7.64,18,3,10,31,1,2026-05-26,500
4143692375,Vivanda Pezet,-12.1025598,-77.052177,supermarket,San Isidro,1,227.1,1.27,2,5,0,7,1,2026-05-26,500
neg_0490,Punto negativo 0490,-12.059862,-77.101802,negativo_generado,,3,350.3,3.82,4,4,2,10,0,2026-05-27,500
neg_0223,Punto negativo 0223,-12.100077,-77.035898,negativo_generado,,3,130.2,3.82,5,8,13,26,0,2026-05-26,500
neg_0142,Punto negativo 0142,-12.178276,-76.966143,negativo_generado,,2,193.8,2.55,1,11,1,13,0,2026-05-26,500
neg_0169,Punto negativo 0169,-12.064383,-77.115201,negativo_generado,,0,9999.0,0.0,0,4,3,7,0,2026-05-26,500
neg_0081,Punto negativo 0081,-12.080011,-77.09013,negativo_generado,,3,203.6,3.82,9,7,7,23,0,2026-05-26,500
6725516861,MaxiAhorro Manco Cápac,-12.0670134,-77.0292916,supermarket,,3,205.0,3.82,5,7,14,26,1,2026-05-26,500
neg_0054,Punto negativo 0054,-12.176608,-76.979093,negativo_generado,,0,9999.0,0.0,0,7,0,7,0,2026-05-26,500
neg_0279,Punto negativo 0279,-12.116813,-77.02974,negativo_generado,,16,134.3,20.37,20,15,23,58,0,2026-05-26,500
neg_0060,Punto negativo 0060,-12.11923,-77.04004,negativo_generado,,5,103.9,6.37,2,7,6,15,0,2026-05-26,500
neg_0491,Punto negativo 0491,-12.067603,-77.116887,negativo_generado,,2,233.9,2.55,1,3,4,8,0,2026-05-27,500
437375221,Plaza Vea,-11.9522627,-76.9878963,supermarket,,0,9999.0,0.0,3,9,15,27,1,2026-05-26,500
2450084490,Wong,-12.076708,-77.081219,supermarket,San Miguel,5,117.4,6.37,12,6,16,34,1,2026-05-26,500
neg_0030,Punto negativo 0030,-12.121469,-77.021558,negativo_generado,,9,182.6,11.46,4,2,4,10,0,2026-05-26,500
neg_0315,Punto negativo 0315,-12.114013,-77.047998,negativo_generado,,9,94.1,11.46,2,2,6,10,0,2026-05-26,500
neg_0102,Punto negativo 0102,-12.124491,-77.018387,negativo_generado,,4,139.7,5.09,6,7,1,14,0,2026-05-26,500
749645251,Plaza Vea,-12.039744,-76.9318078,supermarket,,0,9999.0,0.0,3,13,8,24,1,2026-05-26,500
201786022,Tottus Puente Piedra,-11.8687514,-77.0730678,supermarket,Carabayllo,2,94.4,2.55,6,20,3,29,1,2026-05-26,500
neg_0566,Punto negativo 0566,-12.062265,-77.092438,negativo_generado,,1,438.4,1.27,2,6,0,8,0,2026-05-27,500
neg_0361,Punto negativo 0361,-12.080178,-77.056974,negativo_generado,,1,156.5,1.27,0,22,13,35,0,2026-05-27,500
neg_0199,Punto negativo 0199,-12.111715,-77.050765,negativo_generado,,3,104.5,3.82,2,1,3,6,0,2026-05-26,500
neg_0555,Punto negativo 0555,-12.080111,-77.091048,negativo_generado,,3,301.1,3.82,8,9,8,25,0,2026-05-27,500
neg_0219,Punto negativo 0219,-12.0261,-76.986269,negativo_generado,,0,9999.0,0.0,1,15,0,16,0,2026-05-26,500
437512133,Multimarket San Fernando,-12.1102753,-76.9726332,supermarket,,0,9999.0,0.0,3,6,2,11,1,2026-05-26,500
neg_0281,Punto negativo 0281,-12.081236,-77.083512,negativo_generado,,4,204.9,5.09,6,9,10,25,0,2026-05-26,500
neg_0277,Punto negativo 0277,-12.071729,-77.006971,negativo_generado,,4,267.0,5.09,1,15,0,16,0,2026-05-26,500
neg_0401,Punto negativo 0401,-12.149041,-77.00724,negativo_generado,,0,9999.0,0.0,0,11,0,11,0,2026-05-27,500
331336355,Metro,-12.0701173,-76.9579053,supermarket,,4,33.2,5.09,7,4,10,21,1,2026-05-26,500
neg_0497,Punto negativo 0497,-12.122876,-77.034568,negativo_generado,,17,154.6,21.65,10,7,9,26,0,2026-05-27,500
neg_0414,Punto negativo 0414,-12.030415,-77.110074,negativo_generado,,0,9999.0,0.0,0,0,21,21,0,2026-05-27,500
neg_0190,Punto negativo 0190,-12.106527,-77.042894,negativo_generado,,2,422.0,2.55,6,2,2,10,0,2026-05-26,500
neg_0396,Punto negativo 0396,-12.171378,-76.966327,negativo_generado,,0,9999.0,0.0,0,21,1,22,0,2026-05-27,500
neg_0225,Punto negativo 0225,-12.135302,-77.016815,negativo_generado,,3,218.6,3.82,1,2,6,9,0,2026-05-26,500
4434443289,Bodeguita de Charito,-11.9017665,-77.0361182,supermarket,,5,70.7,6.37,1,30,3,34,1,2026-05-26,500
neg_0189,Punto negativo 0189,-12.073233,-77.081235,negativo_generado,,4,316.9,5.09,12,6,8,26,0,2026-05-26,500
neg_0275,Punto negativo 0275,-12.151963,-77.007484,negativo_generado,,0,9999.0,0.0,1,1,0,2,0,2026-05-26,500
neg_0462,Punto negativo 0462,-12.075947,-77.014725,negativo_generado,,0,9999.0,0.0,1,5,3,9,0,2026-05-27,500
439398425,Casalinda,-12.059699,-77.0071126,supermarket,Lima,1,450.2,1.27,0,16,0,16,1,2026-05-26,500
3649762007,Metro,-12.0405547,-77.0012765,supermarket,El Agustino,1,125.7,1.27,2,5,1,8,1,2026-05-26,500
neg_0028,Punto negativo 0028,-12.190374,-76.971963,negativo_generado,,0,9999.0,0.0,1,5,2,8,0,2026-05-26,500
neg_0174,Punto negativo 0174,-12.086033,-77.070256,negativo_generado,,9,98.1,11.46,2,10,5,17,0,2026-05-26,500
181368868,Mercado Mayorista CONSAC,-12.0048557,-77.0714837,supermarket,San Martín de Porres,0,9999.0,0.0,1,12,0,13,1,2026-05-26,500
1145557458,Metro,-12.0629783,-77.0964032,supermarket,,2,205.9,2.55,4,10,4,18,1,2026-05-26,500
331619716,Wong,-12.0806002,-76.9673796,supermarket,La Molina,2,154.4,2.55,6,2,6,14,1,2026-05-26,500
neg_0100,Punto negativo 0100,-12.12303,-77.018253,negativo_generado,,3,80.7,3.82,6,7,1,14,0,2026-05-26,500
neg_0520,Punto negativo 0520,-12.108652,-77.046348,negativo_generado,,3,299.8,3.82,1,2,1,4,0,2026-05-27,500
neg_0128,Punto negativo 0128,-12.058985,-77.092174,negativo_generado,,0,9999.0,0.0,1,2,0,3,0,2026-05-26,500
neg_0206,Punto negativo 0206,-12.026647,-76.977198,negativo_generado,,1,525.3,1.27,0,5,2,7,0,2026-05-26,500
neg_0058,Punto negativo 0058,-12.067137,-77.108074,negativo_generado,,5,405.0,6.37,1,1,1,3,0,2026-05-26,500
neg_0484,Punto negativo 0484,-12.080746,-77.08029,negativo_generado,,6,285.5,7.64,6,10,11,27,0,2026-05-27,500
neg_0023,Punto negativo 0023,-12.073534,-76.998735,negativo_generado,,1,381.4,1.27,2,12,0,14,0,2026-05-26,500
neg_0376,Punto negativo 0376,-12.179603,-76.965973,negativo_generado,,1,64.2,1.27,1,11,1,13,0,2026-05-27,500
12437928601,Mass,-12.142464,-77.0091496,supermarket,,0,9999.0,0.0,0,10,0,10,1,2026-05-26,500
neg_0378,Punto negativo 0378,-12.184215,-76.968941,negativo_generado,,0,9999.0,0.0,0,0,0,0,0,2026-05-27,500
7091051785,Tottus,-12.1119591,-77.0372658,supermarket,,2,114.7,2.55,2,8,1,11,1,2026-05-26,500
neg_0087,Punto negativo 0087,-11.981561,-77.061431,negativo_generado,,1,288.9,1.27,0,11,21,32,0,2026-05-26,500
6238862186,PlazaVea entrada 2 Valle Hermoso,-12.1269831,-76.9753455,supermarket,,4,19.5,5.09,1,6,1,8,1,2026-05-26,500
neg_0173,Punto negativo 0173,-12.023787,-76.98505,negativo_generado,,0,9999.0,0.0,1,13,0,14,0,2026-05-26,500
neg_0045,Punto negativo 0045,-12.071439,-77.003262,negativo_generado,,0,9999.0,0.0,3,6,0,9,0,2026-05-26,500
408909648,Metro,-12.1810245,-77.0136789,supermarket,,0,9999.0,0.0,0,4,4,8,1,2026-05-26,500
neg_0181,Punto negativo 0181,-12.100767,-77.046162,negativo_generado,,0,9999.0,0.0,1,3,1,5,0,2026-05-26,500
11991138941,MERCADOS AFILIADOS,-12.0700245,-76.9599509,supermarket,,4,222.3,5.09,7,4,8,19,1,2026-05-26,500
neg_0329,Punto negativo 0329,-12.024515,-76.980789,negativo_generado,,0,9999.0,0.0,0,8,0,8,0,2026-05-26,500
3643448084,Emolientero de Surco,-12.1380772,-77.0016148,supermarket,,8,24.6,10.19,0,11,0,11,1,2026-05-26,500
neg_0415,Punto negativo 0415,-12.031849,-77.09698,negativo_generado,,0,9999.0,0.0,1,5,2,8,0,2026-05-27,500
4864465322,Welcome Asia Market,-12.0993082,-77.0021822,supermarket,,2,222.8,2.55,3,11,5,19,1,2026-05-26,500
9895285842,Santa Natura,-11.8934043,-77.0400152,supermarket,Carabayllo,1,212.8,1.27,1,11,7,19,1,2026-05-26,500
668484366,Mercado Jorge Lingán,-11.8791801,-77.0179653,supermarket,Carabayllo,0,9999.0,0.0,3,11,6,20,1,2026-05-26,500
neg_0150,Punto negativo 0150,-12.060112,-77.117184,negativo_generado,,2,289.5,2.55,1,6,3,10,0,2026-05-26,500
7534798569,Menestras Selectas,-12.0690142,-77.0115453,supermarket,Lima,5,136.2,6.37,7,13,6,26,1,2026-05-26,500
